"Screen off (locked)","23/11/2019","23:35:41","4:00:11"
"Opera","23/11/2019","23:26:54","0:08:39"
"WhatsApp","23/11/2019","23:25:09","0:01:45"
"Opera","23/11/2019","23:24:52","0:00:16"
"WhatsApp","23/11/2019","23:24:21","0:00:30"
"Opera","23/11/2019","23:24:18","0:00:04"
"WhatsApp","23/11/2019","23:23:58","0:00:20"
"Opera","23/11/2019","23:22:59","0:00:58"
"WhatsApp","23/11/2019","23:22:37","0:00:23"
"Opera","23/11/2019","23:22:15","0:00:22"
"WhatsApp","23/11/2019","23:21:29","0:00:46"
"Opera","23/11/2019","23:21:07","0:00:23"
"WhatsApp","23/11/2019","23:20:37","0:00:29"
"Opera","23/11/2019","23:20:12","0:00:25"
"WhatsApp","23/11/2019","23:19:50","0:00:22"
"Opera","23/11/2019","23:19:26","0:00:24"
"WhatsApp","23/11/2019","23:17:16","0:02:08"
"Instagram","23/11/2019","23:16:16","0:00:59"
"WhatsApp","23/11/2019","23:10:33","0:05:44"
"Instagram","23/11/2019","23:10:19","0:00:14"
"WhatsApp","23/11/2019","23:09:05","0:01:13"
"Instagram","23/11/2019","23:08:17","0:00:49"
"WhatsApp","23/11/2019","23:07:20","0:00:57"
"Instagram","23/11/2019","23:07:13","0:00:07"
"WhatsApp","23/11/2019","23:06:13","0:01:00"
"Screen on (unlocked)","23/11/2019","23:06:12","0:00:01"
"Screen off","23/11/2019","23:06:11","0:00:01"
"WhatsApp","23/11/2019","23:02:39","0:03:32"
"Instagram","23/11/2019","23:02:34","0:00:05"
"WhatsApp","23/11/2019","23:00:47","0:01:47"
"Instagram","23/11/2019","23:00:23","0:00:24"
"WhatsApp","23/11/2019","22:58:23","0:02:00"
"Instagram","23/11/2019","22:58:18","0:00:05"
"WhatsApp","23/11/2019","22:56:20","0:01:58"
"Instagram","23/11/2019","22:56:18","0:00:03"
"Package installer","23/11/2019","22:56:17","0:00:01"
"Instagram","23/11/2019","22:56:14","0:00:03"
"WhatsApp","23/11/2019","22:55:11","0:01:03"
"Instagram","23/11/2019","22:54:36","0:00:35"
"WhatsApp","23/11/2019","22:52:51","0:01:45"
"Instagram","23/11/2019","22:52:34","0:00:17"
"WhatsApp","23/11/2019","22:52:26","0:00:06"
"Instagram","23/11/2019","22:52:23","0:00:03"
"Package installer","23/11/2019","22:52:22","0:00:01"
"Instagram","23/11/2019","22:52:03","0:00:19"
"WhatsApp","23/11/2019","22:51:50","0:00:12"
"Instagram","23/11/2019","22:51:05","0:00:45"
"WhatsApp","23/11/2019","22:50:48","0:00:15"
"Screen on (unlocked)","23/11/2019","22:50:46","0:00:00"
"Screen on (locked)","23/11/2019","22:50:45","0:00:01"
"Screen off (locked)","23/11/2019","22:45:14","0:05:31"
"WhatsApp","23/11/2019","22:44:43","0:00:30"
"WhatsApp","23/11/2019","22:44:04","0:00:36"
"WhatsApp","23/11/2019","22:42:18","0:00:54"
"Instagram","23/11/2019","22:42:01","0:00:05"
"WhatsApp","23/11/2019","22:40:37","0:01:25"
"Instagram","23/11/2019","22:40:34","0:00:03"
"WhatsApp","23/11/2019","22:40:00","0:00:34"
"Instagram","23/11/2019","22:39:57","0:00:04"
"WhatsApp","23/11/2019","22:35:11","0:04:45"
"Instagram","23/11/2019","22:34:46","0:00:25"
"WhatsApp","23/11/2019","22:33:21","0:01:24"
"Instagram","23/11/2019","22:31:46","0:01:35"
"WhatsApp","23/11/2019","22:23:30","0:08:17"
"Instagram","23/11/2019","22:23:13","0:00:17"
"WhatsApp","23/11/2019","22:22:21","0:00:35"
"WhatsApp","23/11/2019","22:19:00","0:03:06"
"WhatsApp","23/11/2019","22:18:19","0:00:34"
"Instagram","23/11/2019","22:18:02","0:00:15"
"WhatsApp","23/11/2019","22:17:51","0:00:11"
"Instagram","23/11/2019","22:17:22","0:00:29"
"WhatsApp","23/11/2019","22:16:46","0:00:37"
"Instagram","23/11/2019","22:16:18","0:00:27"
"WhatsApp","23/11/2019","22:15:14","0:01:03"
"WhatsApp","23/11/2019","22:14:24","0:00:46"
"Screen on (unlocked)","23/11/2019","22:14:21","0:00:00"
"Screen on (locked)","23/11/2019","22:14:21","0:00:00"
"Screen off","23/11/2019","22:13:15","0:01:06"
"WhatsApp","23/11/2019","22:12:12","0:00:32"
"Screen on (unlocked)","23/11/2019","22:12:02","0:00:00"
"Screen on (locked)","23/11/2019","22:12:02","0:00:00"
"Screen off","23/11/2019","22:11:55","0:00:07"
"WhatsApp","23/11/2019","22:11:05","0:00:20"
"WhatsApp","23/11/2019","22:09:25","0:01:15"
"Screen on (unlocked)","23/11/2019","22:09:20","0:00:00"
"Screen on (locked)","23/11/2019","22:09:10","0:00:10"
"Screen off","23/11/2019","22:05:11","0:03:59"
"Instagram","23/11/2019","22:04:06","0:00:35"
"WhatsApp","23/11/2019","22:03:17","0:00:43"
"Screen on (unlocked)","23/11/2019","22:03:16","0:00:00"
"Screen on (locked)","23/11/2019","22:03:15","0:00:00"
"Screen off","23/11/2019","21:59:38","0:03:37"
"WhatsApp","23/11/2019","21:58:46","0:00:22"
"Screen on (unlocked)","23/11/2019","21:58:41","0:00:01"
"Screen off","23/11/2019","21:58:35","0:00:06"
"WhatsApp","23/11/2019","21:57:11","0:00:54"
"WhatsApp","23/11/2019","21:54:47","0:01:59"
"Screen on (unlocked)","23/11/2019","21:54:40","0:00:01"
"Screen off","23/11/2019","21:54:32","0:00:08"
"WhatsApp","23/11/2019","21:53:23","0:00:39"
"WhatsApp","23/11/2019","21:52:36","0:00:26"
"Screen on (unlocked)","23/11/2019","21:52:32","0:00:00"
"Screen on (locked)","23/11/2019","21:52:30","0:00:02"
"Screen off","23/11/2019","21:48:55","0:03:36"
"WhatsApp","23/11/2019","21:46:49","0:00:48"
"Instagram","23/11/2019","21:46:30","0:00:03"
"WhatsApp","23/11/2019","21:46:02","0:00:27"
"Instagram","23/11/2019","21:45:45","0:00:18"
"WhatsApp","23/11/2019","21:45:16","0:00:26"
"Screen on (unlocked)","23/11/2019","21:45:11","0:00:00"
"Screen on (locked)","23/11/2019","21:45:10","0:00:00"
"Screen off (locked)","23/11/2019","21:34:02","0:11:08"
"Instagram","23/11/2019","21:31:37","0:02:24"
"Screen on (unlocked)","23/11/2019","21:31:36","0:00:01"
"Screen off","23/11/2019","21:31:33","0:00:03"
"Instagram","23/11/2019","21:29:41","0:01:52"
"WhatsApp","23/11/2019","21:29:14","0:00:25"
"Screen on (unlocked)","23/11/2019","21:29:13","0:00:00"
"Screen on (locked)","23/11/2019","21:29:12","0:00:00"
"Screen off","23/11/2019","21:12:56","0:16:16"
"Duolingo","23/11/2019","21:10:03","0:02:22"
"Screen on (unlocked)","23/11/2019","21:10:03","0:00:00"
"Screen on (locked)","23/11/2019","21:10:03","0:00:00"
"Screen off","23/11/2019","21:09:58","0:00:05"
"Duolingo","23/11/2019","21:05:51","0:04:07"
"Instagram","23/11/2019","21:02:22","0:02:37"
"Goodreads","23/11/2019","21:01:34","0:00:03"
"Amazon Shopping","23/11/2019","21:00:30","0:01:04"
"Goodreads","23/11/2019","20:59:29","0:01:01"
"Screen on (unlocked)","23/11/2019","20:59:08","0:00:21"
"Screen on (locked)","23/11/2019","20:59:07","0:00:01"
"Screen off (locked)","23/11/2019","20:58:45","0:00:21"
"Screen on (unlocked)","23/11/2019","20:58:23","0:00:00"
"Screen on (locked)","23/11/2019","20:58:22","0:00:00"
"Screen off (locked)","23/11/2019","20:54:24","0:03:58"
"WhatsApp","23/11/2019","20:53:57","0:00:25"
"Screen on (unlocked)","23/11/2019","20:53:55","0:00:02"
"Phone","23/11/2019","20:53:28","0:00:26"
"Screen on (locked)","23/11/2019","20:53:28","0:00:01"
"Screen off (locked)","23/11/2019","20:52:08","0:01:19"
"Screen on (unlocked)","23/11/2019","20:52:00","0:00:00"
"Screen on (locked)","23/11/2019","20:51:57","0:00:03"
"Screen off (locked)","23/11/2019","20:11:43","0:40:14"
"Screen on (unlocked)","23/11/2019","20:11:36","0:00:00"
"Screen on (locked)","23/11/2019","20:11:35","0:00:01"
"Screen off (locked)","23/11/2019","20:11:11","0:00:24"
"Screen on (locked)","23/11/2019","20:11:08","0:00:03"
"Screen off (locked)","23/11/2019","20:03:53","0:07:15"
"Screen on (unlocked)","23/11/2019","20:03:35","0:00:00"
"Screen on (locked)","23/11/2019","20:03:35","0:00:00"
"Screen off (locked)","23/11/2019","19:52:32","0:11:03"
"Phone","23/11/2019","19:50:46","0:01:40"
"Screen on (unlocked)","23/11/2019","19:50:43","0:00:03"
"Screen on (locked)","23/11/2019","19:50:42","0:00:01"
"Screen off (locked)","23/11/2019","19:49:15","0:01:28"
"Phone","23/11/2019","19:47:58","0:01:16"
"Screen on (locked)","23/11/2019","19:47:58","0:00:01"
"Screen off (locked)","23/11/2019","19:30:32","0:17:25"
"Screen on (unlocked)","23/11/2019","19:30:29","0:00:00"
"Screen on (locked)","23/11/2019","19:30:28","0:00:01"
"Screen off","23/11/2019","19:29:47","0:00:41"
"Hotstar","23/11/2019","19:29:10","0:00:06"
"Screen on (unlocked)","23/11/2019","19:29:08","0:00:02"
"Screen on (locked)","23/11/2019","19:29:07","0:00:01"
"Screen off","23/11/2019","19:25:44","0:03:23"
"Hotstar","23/11/2019","19:25:01","0:00:11"
"Screen on (unlocked)","23/11/2019","19:24:58","0:00:03"
"Screen on (locked)","23/11/2019","19:24:53","0:00:05"
"Screen off (locked)","23/11/2019","19:19:37","0:05:16"
"Hotstar","23/11/2019","19:17:21","0:01:59"
"Screen on (unlocked)","23/11/2019","19:17:19","0:00:00"
"Screen on (locked)","23/11/2019","19:17:18","0:00:02"
"Screen off","23/11/2019","19:16:09","0:01:09"
"Hotstar","23/11/2019","19:15:05","0:00:33"
"Screen on (unlocked)","23/11/2019","19:15:04","0:00:02"
"Screen on (locked)","23/11/2019","19:15:00","0:00:04"
"Screen off (locked)","23/11/2019","19:02:38","0:12:22"
"Screen on (locked)","23/11/2019","19:02:27","0:00:11"
"Screen off (locked)","23/11/2019","18:55:45","0:06:41"
"Screen on (locked)","23/11/2019","18:55:35","0:00:10"
"Screen off (locked)","23/11/2019","18:55:32","0:00:04"
"Hotstar","23/11/2019","18:53:13","0:02:03"
"Screen on (unlocked)","23/11/2019","18:53:09","0:00:04"
"Screen on (locked)","23/11/2019","18:53:08","0:00:01"
"Screen off","23/11/2019","18:46:16","0:06:52"
"WhatsApp","23/11/2019","18:42:08","0:03:38"
"Chrome","23/11/2019","18:37:45","0:04:15"
"Instagram","23/11/2019","18:33:46","0:03:59"
"Hotstar","23/11/2019","18:33:23","0:00:20"
"Screen on (unlocked)","23/11/2019","18:33:21","0:00:01"
"Screen off","23/11/2019","18:28:03","0:05:18"
"Hotstar","23/11/2019","18:25:44","0:01:48"
"Screen on (unlocked)","23/11/2019","18:25:39","0:00:01"
"Screen off","23/11/2019","18:17:44","0:07:56"
"Hotstar","23/11/2019","18:12:51","0:04:22"
"Screen on (unlocked)","23/11/2019","18:12:47","0:00:00"
"Screen on (locked)","23/11/2019","18:12:46","0:00:01"
"Screen off (locked)","23/11/2019","18:07:04","0:05:42"
"Screen on (locked)","23/11/2019","18:06:53","0:00:11"
"Screen off (locked)","23/11/2019","18:06:42","0:00:11"
"Screen on (locked)","23/11/2019","18:06:36","0:00:06"
"Screen off","23/11/2019","17:52:09","0:14:27"
"WhatsApp","23/11/2019","17:51:20","0:00:19"
"Hotstar","23/11/2019","17:50:17","0:00:49"
"WhatsApp","23/11/2019","17:49:58","0:00:16"
"Screen on (unlocked)","23/11/2019","17:49:53","0:00:00"
"Screen on (locked)","23/11/2019","17:49:52","0:00:01"
"Screen off","23/11/2019","17:41:21","0:08:31"
"Hotstar","23/11/2019","17:30:37","0:10:12"
"Instagram","23/11/2019","17:20:10","0:10:24"
"Hotstar","23/11/2019","17:19:51","0:00:17"
"Screen on (unlocked)","23/11/2019","17:19:48","0:00:00"
"Screen on (locked)","23/11/2019","17:19:48","0:00:00"
"Screen off","23/11/2019","17:16:38","0:03:10"
"Hotstar","23/11/2019","17:13:04","0:03:03"
"WhatsApp","23/11/2019","17:11:25","0:01:39"
"Hotstar","23/11/2019","17:07:51","0:03:34"
"Screen on (unlocked)","23/11/2019","17:07:49","0:00:00"
"Screen on (locked)","23/11/2019","17:07:48","0:00:01"
"Screen off","23/11/2019","17:03:30","0:04:18"
"Hotstar","23/11/2019","17:02:27","0:00:31"
"Screen on (unlocked)","23/11/2019","17:02:25","0:00:00"
"Screen on (locked)","23/11/2019","17:02:24","0:00:00"
"Screen off","23/11/2019","16:55:38","0:06:46"
"Hotstar","23/11/2019","16:51:40","0:03:26"
"Screen on (unlocked)","23/11/2019","16:51:38","0:00:00"
"Screen on (locked)","23/11/2019","16:51:36","0:00:02"
"Screen off","23/11/2019","16:44:55","0:06:41"
"Hotstar","23/11/2019","16:39:50","0:04:34"
"Screen on (unlocked)","23/11/2019","16:39:46","0:00:00"
"Screen on (locked)","23/11/2019","16:39:45","0:00:01"
"Screen off","23/11/2019","16:31:51","0:07:54"
"Hotstar","23/11/2019","16:30:08","0:01:12"
"Screen on (unlocked)","23/11/2019","16:30:04","0:00:04"
"Screen on (locked)","23/11/2019","16:30:00","0:00:04"
"Screen off","23/11/2019","16:06:45","0:23:15"
"Hotstar","23/11/2019","15:58:49","0:07:24"
"Hotstar","23/11/2019","15:57:14","0:01:31"
"Screen on (unlocked)","23/11/2019","15:56:34","0:00:00"
"Screen on (locked)","23/11/2019","15:56:30","0:00:04"
"Screen off (locked)","23/11/2019","15:03:36","0:52:54"
"Chrome","23/11/2019","15:03:21","0:00:13"
"Opera","23/11/2019","14:48:23","0:14:53"
"Instagram","23/11/2019","14:44:44","0:03:36"
"Hotstar","23/11/2019","14:43:31","0:01:10"
"Screen on (unlocked)","23/11/2019","14:43:27","0:00:00"
"Screen on (locked)","23/11/2019","14:43:26","0:00:02"
"Screen off","23/11/2019","14:30:31","0:12:54"
"Hotstar","23/11/2019","14:28:28","0:01:22"
"Screen on (unlocked)","23/11/2019","14:28:27","0:00:00"
"Screen on (locked)","23/11/2019","14:28:26","0:00:00"
"Screen off","23/11/2019","14:26:50","0:01:36"
"Hotstar","23/11/2019","14:21:49","0:04:08"
"Screen on (unlocked)","23/11/2019","14:21:45","0:00:01"
"Screen off","23/11/2019","14:21:44","0:00:01"
"Hotstar","23/11/2019","14:18:34","0:02:40"
"Hotstar","23/11/2019","14:16:35","0:01:27"
"Instagram","23/11/2019","14:13:50","0:02:43"
"Goodreads","23/11/2019","14:13:39","0:00:09"
"Hotstar","23/11/2019","14:12:03","0:01:30"
"Screen on (unlocked)","23/11/2019","14:12:01","0:00:00"
"Screen on (locked)","23/11/2019","14:11:54","0:00:07"
"Screen off","23/11/2019","14:11:33","0:00:21"
"Hotstar","23/11/2019","14:10:27","0:00:34"
"Screen on (unlocked)","23/11/2019","14:10:19","0:00:01"
"Screen on (locked)","23/11/2019","14:10:17","0:00:02"
"Screen off (locked)","23/11/2019","13:57:02","0:13:15"
"Screen on (locked)","23/11/2019","13:56:58","0:00:03"
"Screen off (locked)","23/11/2019","13:55:49","0:01:09"
"Screen on (locked)","23/11/2019","13:55:38","0:00:11"
"Screen off (locked)","23/11/2019","13:54:58","0:00:41"
"Screen on (locked)","23/11/2019","13:54:54","0:00:04"
"Screen off (locked)","23/11/2019","13:43:40","0:11:14"
"Screen on (locked)","23/11/2019","13:43:29","0:00:11"
"Screen off","23/11/2019","13:24:00","0:19:28"
"Telegram","23/11/2019","13:22:58","0:00:20"
"Drive","23/11/2019","13:22:09","0:00:49"
"Telegram","23/11/2019","13:21:28","0:00:39"
"Screen on (unlocked)","23/11/2019","13:21:18","0:00:10"
"Phone","23/11/2019","13:20:26","0:00:51"
"Screen on (locked)","23/11/2019","13:20:26","0:00:01"
"Screen off (locked)","23/11/2019","13:18:49","0:01:37"
"Screen on (locked)","23/11/2019","13:18:38","0:00:11"
"Screen off","23/11/2019","13:16:50","0:01:48"
"Hotstar","23/11/2019","13:15:21","0:00:58"
"Screen on (unlocked)","23/11/2019","13:15:19","0:00:00"
"Screen on (locked)","23/11/2019","13:15:18","0:00:00"
"Screen off","23/11/2019","13:11:52","0:03:26"
"Phone","23/11/2019","13:11:20","0:00:01"
"Phone","23/11/2019","13:11:10","0:00:11"
"Phone","23/11/2019","13:10:02","0:01:08"
"Phone","23/11/2019","13:09:50","0:00:12"
"Screen on (unlocked)","23/11/2019","13:09:47","0:00:01"
"Screen off","23/11/2019","13:08:55","0:00:52"
"Hotstar","23/11/2019","13:08:03","0:00:21"
"Screen on (unlocked)","23/11/2019","13:07:58","0:00:00"
"Screen on (locked)","23/11/2019","13:07:57","0:00:00"
"Screen off (locked)","23/11/2019","13:07:27","0:00:30"
"Screen on (locked)","23/11/2019","13:07:16","0:00:11"
"Screen off","23/11/2019","13:02:02","0:05:14"
"Screen on (unlocked)","23/11/2019","13:01:28","0:00:34"
"Screen on (locked)","23/11/2019","13:01:25","0:00:03"
"Screen off (locked)","23/11/2019","12:55:27","0:05:58"
"Screen on (unlocked)","23/11/2019","12:55:24","0:00:00"
"Screen on (locked)","23/11/2019","12:55:20","0:00:04"
"Screen off","23/11/2019","12:52:12","0:03:08"
"Hotstar","23/11/2019","12:50:54","0:00:21"
"Screen on (unlocked)","23/11/2019","12:50:47","0:00:00"
"Screen on (locked)","23/11/2019","12:50:43","0:00:04"
"Screen off (locked)","23/11/2019","12:46:39","0:04:04"
"Phone","23/11/2019","12:45:56","0:00:43"
"Screen on (locked)","23/11/2019","12:45:55","0:00:01"
"Screen off","23/11/2019","12:37:50","0:08:05"
"Call of Duty","23/11/2019","12:13:35","0:23:40"
"Screen on (unlocked)","23/11/2019","12:13:25","0:00:10"
"Screen on (locked)","23/11/2019","12:13:20","0:00:05"
"Screen off (locked)","23/11/2019","11:58:08","0:15:12"
"Messages","23/11/2019","11:57:15","0:00:50"
"Phone","23/11/2019","11:57:13","0:00:02"
"Phone","23/11/2019","11:56:23","0:00:48"
"Phone","23/11/2019","11:56:20","0:00:03"
"Screen on (unlocked)","23/11/2019","11:56:17","0:00:00"
"Screen on (locked)","23/11/2019","11:56:16","0:00:02"
"Screen off (locked)","23/11/2019","11:54:29","0:01:47"
"Screen on (locked)","23/11/2019","11:54:23","0:00:06"
"Screen off (locked)","23/11/2019","11:50:06","0:04:17"
"Screen on (locked)","23/11/2019","11:50:04","0:00:02"
"Screen off (locked)","23/11/2019","11:49:25","0:00:39"
"Phone","23/11/2019","11:48:56","0:00:29"
"Screen on (locked)","23/11/2019","11:48:55","0:00:01"
"Screen off (locked)","23/11/2019","11:48:11","0:00:44"
"Instagram","23/11/2019","11:45:31","0:02:38"
"Screen on (unlocked)","23/11/2019","11:45:28","0:00:00"
"Screen on (locked)","23/11/2019","11:45:27","0:00:01"
"Screen off","23/11/2019","11:40:34","0:04:52"
"Instagram","23/11/2019","11:32:12","0:07:52"
"Package installer","23/11/2019","11:32:11","0:00:01"
"Instagram","23/11/2019","11:29:33","0:02:38"
"Package installer","23/11/2019","11:29:33","0:00:01"
"Instagram","23/11/2019","11:26:52","0:02:41"
"Screen on (unlocked)","23/11/2019","11:26:49","0:00:00"
"Screen on (locked)","23/11/2019","11:26:48","0:00:01"
"Screen off (locked)","23/11/2019","11:23:08","0:03:40"
"Screen on (locked)","23/11/2019","11:22:57","0:00:11"
"Screen off","23/11/2019","11:17:52","0:05:05"
"Instagram","23/11/2019","11:11:47","0:05:34"
"Screen on (unlocked)","23/11/2019","11:11:39","0:00:08"
"Screen on (locked)","23/11/2019","11:11:35","0:00:04"
"Screen off","23/11/2019","11:10:11","0:01:23"
"Screen on (unlocked)","23/11/2019","11:09:33","0:00:38"
"Screen on (locked)","23/11/2019","11:09:32","0:00:01"
"Screen off","23/11/2019","10:44:39","0:24:53"
"Screen on (unlocked)","23/11/2019","10:44:05","0:00:34"
"Screen on (locked)","23/11/2019","10:44:03","0:00:01"
"Screen off","23/11/2019","10:41:27","0:02:35"
"Instagram","23/11/2019","10:40:47","0:00:10"
"Package installer","23/11/2019","10:40:47","0:00:01"
"Instagram","23/11/2019","10:40:30","0:00:17"
"Package installer","23/11/2019","10:40:29","0:00:01"
"Instagram","23/11/2019","10:39:40","0:00:49"
"Screen on (unlocked)","23/11/2019","10:39:29","0:00:01"
"Screen off","23/11/2019","10:39:15","0:00:15"
"Instagram","23/11/2019","10:38:03","0:00:26"
"Screen on (unlocked)","23/11/2019","10:37:46","0:00:00"
"Screen on (locked)","23/11/2019","10:37:43","0:00:03"
"Screen off (locked)","23/11/2019","10:36:14","0:01:29"
"Screen on (locked)","23/11/2019","10:36:03","0:00:11"
"Screen off","23/11/2019","10:19:26","0:16:37"
"Instagram","23/11/2019","10:14:37","0:04:18"
"Screen on (unlocked)","23/11/2019","10:14:10","0:00:00"
"Screen on (locked)","23/11/2019","10:14:08","0:00:02"
"Screen off (locked)","23/11/2019","10:02:07","0:12:01"
"Screen on (unlocked)","23/11/2019","10:01:57","0:00:10"
"Screen on (locked)","23/11/2019","10:01:55","0:00:02"
"Screen off (locked)","23/11/2019","09:15:23","0:46:32"
"YouTube","23/11/2019","09:14:42","0:00:39"
"Instagram","23/11/2019","09:07:10","0:07:30"
"Duolingo","23/11/2019","09:04:02","0:03:06"
"Screen on (unlocked)","23/11/2019","09:03:51","0:00:00"
"Screen on (locked)","23/11/2019","09:03:50","0:00:01"
"Screen off","23/11/2019","09:02:53","0:00:57"
"Amazon Shopping","23/11/2019","09:02:02","0:00:20"
"Screen on (unlocked)","23/11/2019","09:02:02","0:00:01"
"Screen off","23/11/2019","09:01:48","0:00:14"
"Amazon Shopping","23/11/2019","08:58:10","0:03:38"
"Instagram","23/11/2019","08:57:03","0:01:03"
"Screen on (unlocked)","23/11/2019","08:56:56","0:00:00"
"Screen on (locked)","23/11/2019","08:56:55","0:00:00"
"Screen off (locked)","23/11/2019","08:53:41","0:03:15"
"YouTube","23/11/2019","08:52:25","0:01:14"
"Screen on (unlocked)","23/11/2019","08:51:58","0:00:00"
"Screen on (locked)","23/11/2019","08:51:58","0:00:00"
"Screen off","23/11/2019","08:42:55","0:09:04"
"Chrome","23/11/2019","08:40:45","0:01:35"
"Instagram","23/11/2019","08:33:18","0:07:25"
"Instagram","23/11/2019","08:29:32","0:03:44"
"Goodreads","23/11/2019","08:28:18","0:01:09"
"Screen on (unlocked)","23/11/2019","08:28:13","0:00:00"
"Screen on (locked)","23/11/2019","08:28:12","0:00:01"
"Screen off (locked)","23/11/2019","08:11:54","0:16:18"
"Instagram","23/11/2019","08:00:27","0:11:26"
"Google Play Store","23/11/2019","07:58:14","0:02:07"
"Screen on (unlocked)","23/11/2019","07:58:13","0:00:01"
"Screen off (locked)","23/11/2019","07:58:07","0:00:06"
"Google Play Store","23/11/2019","07:57:05","0:01:01"
"Opera","23/11/2019","07:56:34","0:00:04"
"Clock","23/11/2019","07:55:58","0:00:14"
"Screen on (unlocked)","23/11/2019","07:55:58","0:00:00"
"Screen on (locked)","23/11/2019","07:55:58","0:00:00"
"Screen off (locked)","23/11/2019","06:13:38","1:42:20"
"Clock","23/11/2019","06:13:31","0:00:07"
"Screen on (unlocked)","23/11/2019","06:13:29","0:00:00"
"Screen on (locked)","23/11/2019","06:13:28","0:00:01"
"Screen off (locked)","23/11/2019","04:35:45","1:37:43"
"Screen on (locked)","23/11/2019","04:35:41","0:00:03"
"Opera","24/11/2019","23:59:59","0:02:38"
"Opera","24/11/2019","23:34:29","0:25:30"
"Screen on (unlocked)","24/11/2019","23:34:28","0:00:01"
"Screen off","24/11/2019","23:34:27","0:00:01"
"Opera","24/11/2019","23:33:45","0:00:42"
"Instagram","24/11/2019","23:28:54","0:04:49"
"Package installer","24/11/2019","23:28:53","0:00:01"
"Instagram","24/11/2019","23:23:17","0:05:36"
"App Usage","24/11/2019","23:23:15","0:00:03"
"Instagram","24/11/2019","23:23:03","0:00:11"
"Screen on (unlocked)","24/11/2019","23:22:59","0:00:00"
"Screen on (locked)","24/11/2019","23:22:58","0:00:01"
"Screen off (locked)","24/11/2019","23:09:21","0:13:36"
"Instagram","24/11/2019","23:08:19","0:01:00"
"Instagram","24/11/2019","23:08:15","0:00:02"
"Screen on (unlocked)","24/11/2019","23:08:13","0:00:00"
"Screen on (locked)","24/11/2019","23:08:12","0:00:00"
"Screen off","24/11/2019","23:04:30","0:03:42"
"Instagram","24/11/2019","22:32:15","0:31:44"
"Digital wellbeing","24/11/2019","22:32:11","0:00:04"
"Instagram","24/11/2019","22:24:28","0:07:43"
"WhatsApp","24/11/2019","22:24:09","0:00:19"
"Instagram","24/11/2019","22:23:44","0:00:25"
"Screen on (unlocked)","24/11/2019","22:23:41","0:00:01"
"Screen off","24/11/2019","22:08:20","0:15:21"
"Instagram","24/11/2019","22:07:30","0:00:20"
"Call of Duty","24/11/2019","22:06:52","0:00:32"
"Call of Duty","24/11/2019","22:06:40","0:00:06"
"Screen on (unlocked)","24/11/2019","22:06:33","0:00:00"
"Screen on (locked)","24/11/2019","22:06:32","0:00:01"
"Screen off","24/11/2019","21:50:12","0:16:20"
"Instagram","24/11/2019","21:48:47","0:00:55"
"Screen on (unlocked)","24/11/2019","21:48:45","0:00:00"
"Screen on (locked)","24/11/2019","21:48:44","0:00:01"
"Screen off (locked)","24/11/2019","21:42:37","0:06:07"
"Instagram","24/11/2019","21:41:15","0:01:20"
"Screen on (unlocked)","24/11/2019","21:41:12","0:00:00"
"Screen on (locked)","24/11/2019","21:41:10","0:00:01"
"Screen off (locked)","24/11/2019","21:29:48","0:11:23"
"Screen on (unlocked)","24/11/2019","21:29:17","0:00:01"
"Screen off (locked)","24/11/2019","21:27:17","0:02:00"
"Instagram","24/11/2019","21:21:32","0:05:43"
"Call of Duty","24/11/2019","21:20:28","0:00:57"
"Duolingo","24/11/2019","21:12:03","0:08:23"
"WhatsApp","24/11/2019","21:11:29","0:00:27"
"Screen on (unlocked)","24/11/2019","21:11:23","0:00:00"
"Screen on (locked)","24/11/2019","21:11:22","0:00:00"
"Screen off (locked)","24/11/2019","21:00:19","0:11:04"
"Screen on (locked)","24/11/2019","21:00:08","0:00:11"
"Screen off (locked)","24/11/2019","20:36:52","0:23:16"
"Screen on (locked)","24/11/2019","20:36:41","0:00:11"
"Screen off (locked)","24/11/2019","20:36:28","0:00:13"
"Screen on (locked)","24/11/2019","20:36:23","0:00:05"
"Screen off","24/11/2019","20:20:26","0:15:57"
"Screen on (unlocked)","24/11/2019","20:19:55","0:00:01"
"Screen on (locked)","24/11/2019","20:19:52","0:00:03"
"Screen off","24/11/2019","20:14:22","0:05:30"
"Screen on (unlocked)","24/11/2019","20:13:33","0:00:01"
"Screen off","24/11/2019","20:13:31","0:00:03"
"Screen on (unlocked)","24/11/2019","20:12:15","0:00:00"
"Screen on (locked)","24/11/2019","20:12:15","0:00:00"
"Screen off","24/11/2019","20:11:46","0:00:28"
"Instagram","24/11/2019","20:02:37","0:08:34"
"WhatsApp","24/11/2019","20:02:30","0:00:05"
"Samsung capture","24/11/2019","20:02:28","0:00:01"
"Screen on (unlocked)","24/11/2019","20:02:24","0:00:01"
"Screen off","24/11/2019","19:59:30","0:02:55"
"WhatsApp","24/11/2019","19:57:53","0:01:06"
"Screen on (unlocked)","24/11/2019","19:57:49","0:00:00"
"Screen on (locked)","24/11/2019","19:57:49","0:00:00"
"Screen off (locked)","24/11/2019","19:47:19","0:10:30"
"Gallery","24/11/2019","19:47:13","0:00:04"
"Camera","24/11/2019","19:47:12","0:00:01"
"WhatsApp","24/11/2019","19:47:07","0:00:04"
"Camera","24/11/2019","19:46:58","0:00:07"
"Screen on (unlocked)","24/11/2019","19:46:57","0:00:01"
"Screen off (locked)","24/11/2019","19:34:47","0:12:10"
"Screen on (unlocked)","24/11/2019","19:34:26","0:00:01"
"Screen off (locked)","24/11/2019","19:33:09","0:01:18"
"Hotstar","24/11/2019","19:32:25","0:00:34"
"Instagram","24/11/2019","19:31:56","0:00:27"
"YouTube","24/11/2019","19:30:59","0:00:54"
"Instagram","24/11/2019","19:27:23","0:03:25"
"Screen on (unlocked)","24/11/2019","19:27:16","0:00:00"
"Screen on (locked)","24/11/2019","19:27:15","0:00:01"
"Screen off (locked)","24/11/2019","19:27:15","0:00:01"
"Screen on (locked)","24/11/2019","19:27:12","0:00:03"
"Screen off (locked)","24/11/2019","19:24:22","0:02:50"
"Instagram","24/11/2019","19:23:05","0:01:14"
"Screen on (unlocked)","24/11/2019","19:23:02","0:00:00"
"Screen on (locked)","24/11/2019","19:22:57","0:00:05"
"Screen off (locked)","24/11/2019","19:22:28","0:00:29"
"Screen on (unlocked)","24/11/2019","19:22:07","0:00:00"
"Screen on (locked)","24/11/2019","19:22:07","0:00:00"
"Screen off (locked)","24/11/2019","19:01:25","0:20:42"
"Instagram","24/11/2019","19:01:14","0:00:08"
"Screen on (unlocked)","24/11/2019","19:01:11","0:00:00"
"Screen on (locked)","24/11/2019","19:01:09","0:00:02"
"Screen off (locked)","24/11/2019","18:48:31","0:12:38"
"Screen on (unlocked)","24/11/2019","18:48:11","0:00:00"
"Screen on (locked)","24/11/2019","18:48:06","0:00:05"
"Screen off (locked)","24/11/2019","18:39:33","0:08:32"
"Screen on (locked)","24/11/2019","18:39:28","0:00:06"
"Screen off (locked)","24/11/2019","18:34:34","0:04:54"
"YouTube","24/11/2019","18:29:50","0:04:41"
"Call of Duty","24/11/2019","18:28:30","0:00:41"
"WhatsApp","24/11/2019","18:26:53","0:00:43"
"WhatsApp","24/11/2019","18:26:33","0:00:19"
"YouTube","24/11/2019","18:20:29","0:06:02"
"Instagram","24/11/2019","18:16:32","0:03:55"
"Screen on (unlocked)","24/11/2019","18:16:04","0:00:00"
"Screen on (locked)","24/11/2019","18:16:01","0:00:03"
"Screen off (locked)","24/11/2019","18:11:55","0:04:06"
"Instagram","24/11/2019","18:06:37","0:05:16"
"Screen on (unlocked)","24/11/2019","18:06:26","0:00:00"
"Screen on (locked)","24/11/2019","18:06:26","0:00:00"
"Screen off (locked)","24/11/2019","18:05:24","0:01:02"
"Instagram","24/11/2019","18:00:36","0:04:47"
"Screen on (unlocked)","24/11/2019","18:00:27","0:00:01"
"Screen on (locked)","24/11/2019","18:00:26","0:00:01"
"Screen off (locked)","24/11/2019","17:56:40","0:03:46"
"YouTube","24/11/2019","17:56:02","0:00:36"
"Google Play Store","24/11/2019","17:52:07","0:03:35"
"Call of Duty","24/11/2019","17:51:09","0:00:52"
"Screen on (unlocked)","24/11/2019","17:51:01","0:00:08"
"Screen on (locked)","24/11/2019","17:51:01","0:00:00"
"Screen on (unlocked)","24/11/2019","17:50:55","0:00:00"
"Screen on (locked)","24/11/2019","17:50:54","0:00:02"
"Screen off (locked)","24/11/2019","17:49:47","0:01:07"
"Screen on (locked)","24/11/2019","17:49:22","0:00:25"
"Screen off (locked)","24/11/2019","17:49:16","0:00:06"
"Screen on (locked)","24/11/2019","17:49:12","0:00:03"
"Screen off (locked)","24/11/2019","17:48:54","0:00:18"
"Instagram","24/11/2019","17:48:09","0:00:44"
"Screen on (unlocked)","24/11/2019","17:48:04","0:00:00"
"Phone","24/11/2019","17:46:41","0:01:24"
"Screen on (locked)","24/11/2019","17:46:40","0:00:01"
"Screen off","24/11/2019","17:44:34","0:02:06"
"Screen on (unlocked)","24/11/2019","17:44:02","0:00:01"
"Screen off","24/11/2019","17:43:55","0:00:07"
"Screen on (unlocked)","24/11/2019","17:43:23","0:00:00"
"Screen on (locked)","24/11/2019","17:43:22","0:00:01"
"Screen off","24/11/2019","17:40:06","0:03:17"
"Instagram","24/11/2019","17:38:21","0:01:15"
"Screen on (unlocked)","24/11/2019","17:38:02","0:00:00"
"Phone","24/11/2019","17:34:43","0:03:19"
"Screen on (locked)","24/11/2019","17:34:42","0:00:01"
"Screen off (locked)","24/11/2019","17:30:57","0:03:45"
"Screen on (locked)","24/11/2019","17:30:56","0:00:01"
"Screen off (locked)","24/11/2019","17:30:44","0:00:11"
"Screen on (unlocked)","24/11/2019","17:30:33","0:00:00"
"Screen on (locked)","24/11/2019","17:30:32","0:00:01"
"Screen off (locked)","24/11/2019","17:16:49","0:13:43"
"YouTube","24/11/2019","17:16:35","0:00:13"
"Screen on (unlocked)","24/11/2019","17:16:34","0:00:01"
"Screen off","24/11/2019","17:16:33","0:00:01"
"YouTube","24/11/2019","17:16:03","0:00:30"
"Screen on (unlocked)","24/11/2019","17:16:02","0:00:01"
"Screen off","24/11/2019","17:15:56","0:00:06"
"YouTube","24/11/2019","17:15:03","0:00:53"
"Goodreads","24/11/2019","17:14:35","0:00:06"
"WhatsApp","24/11/2019","17:13:38","0:00:54"
"Instagram","24/11/2019","17:13:31","0:00:04"
"Om Tamil Calendar","24/11/2019","17:12:09","0:01:18"
"Screen on (unlocked)","24/11/2019","17:11:50","0:00:00"
"Screen on (locked)","24/11/2019","17:11:50","0:00:00"
"Screen off (locked)","24/11/2019","17:10:29","0:01:21"
"Instagram","24/11/2019","17:09:22","0:00:57"
"Screen on (unlocked)","24/11/2019","17:09:20","0:00:00"
"Screen on (locked)","24/11/2019","17:09:18","0:00:02"
"Screen off (locked)","24/11/2019","17:06:20","0:02:58"
"Screen on (unlocked)","24/11/2019","17:06:09","0:00:00"
"Screen on (locked)","24/11/2019","17:06:07","0:00:02"
"Screen off (locked)","24/11/2019","17:01:24","0:04:43"
"Instagram","24/11/2019","16:45:41","0:15:39"
"Google Play Store","24/11/2019","16:43:52","0:01:43"
"Call of Duty","24/11/2019","16:43:02","0:00:45"
"Instagram","24/11/2019","16:30:25","0:12:34"
"Screen on (unlocked)","24/11/2019","16:30:06","0:00:00"
"Screen on (locked)","24/11/2019","16:30:02","0:00:03"
"Screen off (locked)","24/11/2019","15:31:49","0:58:13"
"Opera","24/11/2019","15:19:25","0:12:21"
"Screen on (unlocked)","24/11/2019","15:19:17","0:00:00"
"Screen on (locked)","24/11/2019","15:19:17","0:00:00"
"Screen off (locked)","24/11/2019","15:18:58","0:00:19"
"Opera","24/11/2019","15:03:28","0:15:27"
"Screen on (unlocked)","24/11/2019","15:03:14","0:00:14"
"Screen on (locked)","24/11/2019","15:03:13","0:00:01"
"Screen off (locked)","24/11/2019","15:02:21","0:00:52"
"Hotstar","24/11/2019","15:00:24","0:01:56"
"Screen on (unlocked)","24/11/2019","15:00:21","0:00:01"
"Screen on (locked)","24/11/2019","15:00:20","0:00:01"
"Screen off (locked)","24/11/2019","15:00:09","0:00:11"
"Screen on (locked)","24/11/2019","14:59:58","0:00:11"
"Screen off (locked)","24/11/2019","14:59:21","0:00:37"
"Amazon Shopping","24/11/2019","14:59:10","0:00:05"
"Package installer","24/11/2019","14:59:09","0:00:01"
"Amazon Shopping","24/11/2019","14:59:02","0:00:06"
"Package installer","24/11/2019","14:59:00","0:00:02"
"Amazon Shopping","24/11/2019","14:56:21","0:02:40"
"WhatsApp","24/11/2019","14:55:48","0:00:24"
"Screen on (unlocked)","24/11/2019","14:55:41","0:00:00"
"Screen on (locked)","24/11/2019","14:55:40","0:00:01"
"Screen off","24/11/2019","14:33:43","0:21:57"
"Instagram","24/11/2019","14:29:33","0:03:40"
"Screen on (unlocked)","24/11/2019","14:29:26","0:00:00"
"Screen on (locked)","24/11/2019","14:29:26","0:00:01"
"Screen off","24/11/2019","14:28:27","0:00:58"
"Instagram","24/11/2019","14:23:58","0:03:59"
"Screen on (unlocked)","24/11/2019","14:23:55","0:00:00"
"Screen on (locked)","24/11/2019","14:23:53","0:00:03"
"Screen off","24/11/2019","14:07:30","0:16:23"
"Call of Duty","24/11/2019","14:06:21","0:00:37"
"Call of Duty","24/11/2019","14:06:09","0:00:06"
"Screen on (unlocked)","24/11/2019","14:05:57","0:00:00"
"Screen on (locked)","24/11/2019","14:05:56","0:00:01"
"Screen off (locked)","24/11/2019","14:03:25","0:02:30"
"Instagram","24/11/2019","14:00:42","0:02:41"
"WhatsApp","24/11/2019","14:00:27","0:00:15"
"Instagram","24/11/2019","13:49:44","0:10:44"
"Call of Duty","24/11/2019","13:49:12","0:00:28"
"Call of Duty","24/11/2019","13:49:00","0:00:08"
"Goodreads","24/11/2019","13:48:02","0:00:53"
"Screen on (unlocked)","24/11/2019","13:47:52","0:00:00"
"Screen on (locked)","24/11/2019","13:47:51","0:00:01"
"Screen off (locked)","24/11/2019","13:20:04","0:27:47"
"Screen on (locked)","24/11/2019","13:20:00","0:00:04"
"Screen off","24/11/2019","13:16:47","0:03:14"
"WhatsApp","24/11/2019","13:15:46","0:00:30"
"Screen on (unlocked)","24/11/2019","13:15:46","0:00:01"
"Screen off","24/11/2019","13:14:35","0:01:11"
"Screen on (unlocked)","24/11/2019","13:13:59","0:00:36"
"Screen on (locked)","24/11/2019","13:13:56","0:00:03"
"Screen off","24/11/2019","13:13:52","0:00:05"
"Call of Duty","24/11/2019","13:12:48","0:00:33"
"Screen on (unlocked)","24/11/2019","13:12:46","0:00:00"
"Screen on (locked)","24/11/2019","13:12:43","0:00:03"
"Screen off (locked)","24/11/2019","13:11:19","0:01:24"
"Screen on (locked)","24/11/2019","13:11:08","0:00:11"
"Screen off (locked)","24/11/2019","13:06:25","0:04:43"
"Call of Duty","24/11/2019","13:06:01","0:00:05"
"Hotstar","24/11/2019","13:02:24","0:03:35"
"Call of Duty","24/11/2019","13:01:31","0:00:46"
"Call of Duty","24/11/2019","13:01:04","0:00:25"
"Screen on (unlocked)","24/11/2019","13:00:58","0:00:00"
"Screen on (locked)","24/11/2019","13:00:57","0:00:01"
"Screen off","24/11/2019","12:56:53","0:04:03"
"MX Player","24/11/2019","12:52:32","0:03:49"
"Call of Duty","24/11/2019","12:51:21","0:01:06"
"Call of Duty","24/11/2019","12:49:44","0:01:31"
"Screen on (unlocked)","24/11/2019","12:49:16","0:00:01"
"Screen off","24/11/2019","12:49:15","0:00:01"
"Call of Duty","24/11/2019","12:47:55","0:00:49"
"Screen on (unlocked)","24/11/2019","12:47:49","0:00:06"
"Screen on (locked)","24/11/2019","12:47:48","0:00:01"
"Screen off","24/11/2019","12:40:49","0:06:59"
"Google Play Store","24/11/2019","12:40:04","0:00:13"
"Screen on (unlocked)","24/11/2019","12:40:03","0:00:01"
"Screen off","24/11/2019","12:40:02","0:00:02"
"Google Play Store","24/11/2019","12:38:50","0:01:11"
"Google Play Store","24/11/2019","12:38:03","0:00:08"
"Screen on (unlocked)","24/11/2019","12:35:17","0:01:05"
"Google Play Store","24/11/2019","12:35:16","0:00:00"
"Screen on (locked)","24/11/2019","12:35:15","0:00:01"
"Screen off","24/11/2019","12:34:57","0:00:18"
"Google Play Store","24/11/2019","12:33:59","0:00:58"
"Screen on (unlocked)","24/11/2019","12:33:51","0:00:00"
"Screen on (locked)","24/11/2019","12:33:50","0:00:01"
"Screen off (locked)","24/11/2019","12:33:40","0:00:09"
"Screen on (locked)","24/11/2019","12:33:29","0:00:11"
"Screen off (locked)","24/11/2019","12:30:06","0:03:23"
"Screen on (locked)","24/11/2019","12:29:55","0:00:11"
"Screen off (locked)","24/11/2019","12:29:32","0:00:23"
"Screen on (locked)","24/11/2019","12:29:21","0:00:11"
"Screen off","24/11/2019","12:28:01","0:01:21"
"Instagram","24/11/2019","12:24:55","0:02:35"
"Screen on (unlocked)","24/11/2019","12:23:23","0:00:01"
"Screen off","24/11/2019","12:23:22","0:00:01"
"Call of Duty","24/11/2019","12:21:02","0:01:35"
"Google Play Store","24/11/2019","12:20:52","0:00:08"
"Screen on (unlocked)","24/11/2019","12:20:47","0:00:00"
"Screen on (locked)","24/11/2019","12:20:43","0:00:03"
"Screen off","24/11/2019","12:20:03","0:00:40"
"Call of Duty","24/11/2019","12:18:55","0:00:35"
"Google Play Store","24/11/2019","12:17:48","0:01:07"
"Call of Duty","24/11/2019","12:17:25","0:00:22"
"Screen on (unlocked)","24/11/2019","12:17:12","0:00:02"
"Screen on (locked)","24/11/2019","12:17:09","0:00:03"
"Screen off (locked)","24/11/2019","11:57:21","0:19:48"
"Screen on (locked)","24/11/2019","11:57:15","0:00:06"
"Screen off","24/11/2019","11:45:22","0:11:52"
"Screen on (unlocked)","24/11/2019","11:44:31","0:00:01"
"Screen off","24/11/2019","11:39:04","0:05:27"
"Google Play Store","24/11/2019","11:36:54","0:01:39"
"Phone","24/11/2019","11:36:38","0:00:01"
"Screen on (unlocked)","24/11/2019","11:36:37","0:00:01"
"Screen off","24/11/2019","11:36:37","0:00:00"
"Screen off (locked)","24/11/2019","11:28:33","0:08:03"
"Phone","24/11/2019","11:27:33","0:01:01"
"Screen on (locked)","24/11/2019","11:27:32","0:00:01"
"Screen off (locked)","24/11/2019","11:16:50","0:10:42"
"Phone","24/11/2019","11:16:47","0:00:03"
"Screen on (locked)","24/11/2019","11:16:46","0:00:01"
"Screen off (locked)","24/11/2019","11:16:44","0:00:02"
"Call of Duty","24/11/2019","11:16:05","0:00:23"
"Instagram","24/11/2019","11:15:02","0:01:01"
"Screen on (unlocked)","24/11/2019","11:15:00","0:00:01"
"Screen off","24/11/2019","11:14:57","0:00:03"
"Phone","24/11/2019","11:13:34","0:00:49"
"Phone","24/11/2019","11:13:31","0:00:02"
"Screen on (unlocked)","24/11/2019","11:13:30","0:00:01"
"Screen on (locked)","24/11/2019","11:13:29","0:00:01"
"Screen off (locked)","24/11/2019","11:03:53","0:09:35"
"Screen on (locked)","24/11/2019","11:03:51","0:00:03"
"Screen off (locked)","24/11/2019","10:55:47","0:08:04"
"Phone","24/11/2019","10:55:32","0:00:15"
"Screen on (locked)","24/11/2019","10:55:31","0:00:01"
"Screen off (locked)","24/11/2019","10:55:05","0:00:27"
"Screen on (locked)","24/11/2019","10:54:54","0:00:11"
"Screen off (locked)","24/11/2019","10:53:07","0:01:47"
"Instagram","24/11/2019","10:50:50","0:02:13"
"Screen on (unlocked)","24/11/2019","10:50:21","0:00:04"
"Screen on (locked)","24/11/2019","10:50:20","0:00:00"
"Screen off (locked)","24/11/2019","10:26:59","0:23:22"
"Screen on (unlocked)","24/11/2019","10:26:55","0:00:00"
"Screen on (locked)","24/11/2019","10:26:54","0:00:01"
"Screen off","24/11/2019","10:15:49","0:11:05"
"Screen on (unlocked)","24/11/2019","10:15:11","0:00:00"
"Screen on (locked)","24/11/2019","10:15:06","0:00:06"
"Screen off","24/11/2019","09:53:28","0:21:37"
"Screen on (unlocked)","24/11/2019","09:52:30","0:00:00"
"Screen on (locked)","24/11/2019","09:52:29","0:00:01"
"Screen off (locked)","24/11/2019","09:34:05","0:18:23"
"Instagram","24/11/2019","09:33:32","0:00:32"
"Screen on (unlocked)","24/11/2019","09:33:26","0:00:00"
"Screen on (locked)","24/11/2019","09:33:25","0:00:02"
"Screen off (locked)","24/11/2019","09:27:13","0:06:12"
"YouTube","24/11/2019","09:22:00","0:05:07"
"Screen on (unlocked)","24/11/2019","09:21:11","0:00:00"
"Screen on (locked)","24/11/2019","09:21:11","0:00:01"
"Screen off (locked)","24/11/2019","09:17:44","0:03:27"
"Instagram","24/11/2019","09:16:57","0:00:45"
"Screen on (unlocked)","24/11/2019","09:16:51","0:00:05"
"Screen on (locked)","24/11/2019","09:16:50","0:00:01"
"Screen off","24/11/2019","08:41:14","0:35:36"
"Phone","24/11/2019","08:40:41","0:00:01"
"Phone","24/11/2019","08:40:07","0:00:34"
"Phone","24/11/2019","08:40:05","0:00:02"
"Screen on (unlocked)","24/11/2019","08:40:04","0:00:01"
"Screen off","24/11/2019","08:36:14","0:03:50"
"Phone","24/11/2019","08:35:39","0:00:05"
"Amazon Shopping","24/11/2019","08:35:07","0:00:31"
"Screen on (unlocked)","24/11/2019","08:35:02","0:00:05"
"Screen on (locked)","24/11/2019","08:35:01","0:00:01"
"Screen off (locked)","24/11/2019","08:34:45","0:00:16"
"Phone","24/11/2019","08:34:36","0:00:08"
"Phone","24/11/2019","08:34:27","0:00:08"
"Phone","24/11/2019","08:34:15","0:00:12"
"Phone","24/11/2019","08:34:03","0:00:12"
"Phone","24/11/2019","08:34:00","0:00:03"
"Screen on (unlocked)","24/11/2019","08:33:59","0:00:01"
"Screen off","24/11/2019","08:33:37","0:00:22"
"Phone","24/11/2019","08:33:07","0:00:30"
"Phone","24/11/2019","08:32:53","0:00:13"
"Phone","24/11/2019","08:32:28","0:00:25"
"Screen on (unlocked)","24/11/2019","08:32:25","0:00:01"
"Screen on (locked)","24/11/2019","08:32:24","0:00:00"
"Screen off (locked)","24/11/2019","08:27:02","0:05:23"
"Screen on (locked)","24/11/2019","08:26:52","0:00:10"
"Screen off (locked)","24/11/2019","08:20:47","0:06:04"
"Instagram","24/11/2019","08:14:57","0:05:46"
"Screen on (unlocked)","24/11/2019","08:14:57","0:00:00"
"Screen on (locked)","24/11/2019","08:14:56","0:00:01"
"Screen off","24/11/2019","08:14:48","0:00:08"
"Screen on (unlocked)","24/11/2019","08:05:47","0:09:01"
"Instagram","24/11/2019","08:05:47","0:00:00"
"Screen on (locked)","24/11/2019","08:05:40","0:00:07"
"Screen off","24/11/2019","08:04:47","0:00:53"
"Instagram","24/11/2019","08:03:48","0:00:59"
"Screen on (unlocked)","24/11/2019","08:03:46","0:00:00"
"Screen on (locked)","24/11/2019","08:03:44","0:00:02"
"Screen off","24/11/2019","08:02:35","0:01:09"
"Goodreads","24/11/2019","08:01:46","0:00:18"
"Screen on (unlocked)","24/11/2019","08:01:05","0:00:00"
"Screen on (locked)","24/11/2019","08:01:00","0:00:06"
"Screen off (locked)","24/11/2019","03:36:03","4:24:57"
"Screen on (locked)","24/11/2019","03:35:52","0:00:11"
"Opera","25/11/2019","23:36:50","0:23:10"
"WhatsApp","25/11/2019","23:36:42","0:00:08"
"Opera","25/11/2019","23:34:23","0:02:19"
"Instagram","25/11/2019","23:31:09","0:03:11"
"Screen on (unlocked)","25/11/2019","23:30:52","0:00:00"
"Screen on (locked)","25/11/2019","23:30:48","0:00:04"
"Screen off (locked)","25/11/2019","23:26:28","0:04:20"
"Instagram","25/11/2019","23:24:53","0:01:29"
"Instagram","25/11/2019","23:23:38","0:01:12"
"Samsung capture","25/11/2019","23:22:48","0:00:02"
"Screen on (unlocked)","25/11/2019","23:22:43","0:00:00"
"Screen on (locked)","25/11/2019","23:22:43","0:00:01"
"Screen off","25/11/2019","23:15:44","0:06:59"
"WhatsApp","25/11/2019","23:14:36","0:00:37"
"WhatsApp","25/11/2019","23:12:39","0:01:56"
"Screen on (unlocked)","25/11/2019","23:12:36","0:00:00"
"Screen on (locked)","25/11/2019","23:12:36","0:00:01"
"Screen off","25/11/2019","23:02:56","0:09:40"
"WhatsApp","25/11/2019","23:01:32","0:00:54"
"Screen on (unlocked)","25/11/2019","23:01:31","0:00:01"
"Screen off","25/11/2019","23:01:13","0:00:19"
"WhatsApp","25/11/2019","22:58:53","0:01:49"
"Screen on (unlocked)","25/11/2019","22:58:48","0:00:01"
"Screen off","25/11/2019","22:58:21","0:00:27"
"WhatsApp","25/11/2019","22:57:41","0:00:10"
"Call of Duty","25/11/2019","22:56:42","0:00:46"
"WhatsApp","25/11/2019","22:56:35","0:00:04"
"WhatsApp","25/11/2019","22:56:27","0:00:06"
"Screen on (unlocked)","25/11/2019","22:56:23","0:00:01"
"Screen off","25/11/2019","22:52:33","0:03:50"
"WhatsApp","25/11/2019","22:51:44","0:00:18"
"Screen on (unlocked)","25/11/2019","22:51:42","0:00:01"
"Screen off","25/11/2019","22:46:25","0:05:18"
"WhatsApp","25/11/2019","22:45:43","0:00:11"
"WhatsApp","25/11/2019","22:44:40","0:00:32"
"Screen on (unlocked)","25/11/2019","22:44:38","0:00:00"
"Screen on (locked)","25/11/2019","22:44:37","0:00:01"
"Screen off","25/11/2019","22:42:57","0:01:40"
"WhatsApp","25/11/2019","22:42:07","0:00:20"
"Screen on (unlocked)","25/11/2019","22:42:01","0:00:00"
"Screen on (locked)","25/11/2019","22:42:00","0:00:00"
"Screen off","25/11/2019","22:41:40","0:00:20"
"WhatsApp","25/11/2019","22:40:51","0:00:19"
"Screen on (unlocked)","25/11/2019","22:40:51","0:00:00"
"Screen on (locked)","25/11/2019","22:40:50","0:00:01"
"Screen off","25/11/2019","22:39:55","0:00:55"
"WhatsApp","25/11/2019","22:39:19","0:00:36"
"Screen on (unlocked)","25/11/2019","22:39:17","0:00:00"
"Screen on (locked)","25/11/2019","22:39:16","0:00:01"
"Screen off","25/11/2019","22:39:04","0:00:11"
"WhatsApp","25/11/2019","22:38:28","0:00:06"
"Screen on (unlocked)","25/11/2019","22:38:28","0:00:01"
"Screen off","25/11/2019","22:38:27","0:00:01"
"WhatsApp","25/11/2019","22:36:47","0:01:40"
"Screen on (unlocked)","25/11/2019","22:36:44","0:00:01"
"Screen off","25/11/2019","22:36:09","0:00:35"
"YouTube","25/11/2019","22:35:18","0:00:20"
"WhatsApp","25/11/2019","22:35:11","0:00:07"
"Screen on (unlocked)","25/11/2019","22:35:10","0:00:00"
"Screen on (locked)","25/11/2019","22:35:02","0:00:08"
"Screen off (locked)","25/11/2019","22:32:20","0:02:42"
"Instagram","25/11/2019","22:31:22","0:00:41"
"Screen on (unlocked)","25/11/2019","22:31:13","0:00:01"
"Screen off","25/11/2019","22:31:12","0:00:01"
"WhatsApp","25/11/2019","22:30:18","0:00:23"
"YouTube","25/11/2019","22:30:07","0:00:11"
"WhatsApp","25/11/2019","22:29:37","0:00:29"
"YouTube","25/11/2019","22:27:47","0:01:50"
"WhatsApp","25/11/2019","22:26:15","0:00:46"
"Screen on (unlocked)","25/11/2019","22:26:13","0:00:00"
"Screen on (locked)","25/11/2019","22:26:10","0:00:03"
"Screen off","25/11/2019","22:20:39","0:05:31"
"Instagram","25/11/2019","22:18:57","0:01:12"
"WhatsApp","25/11/2019","22:18:39","0:00:17"
"Screen on (unlocked)","25/11/2019","22:18:37","0:00:02"
"Screen on (locked)","25/11/2019","22:18:36","0:00:01"
"Screen off (locked)","25/11/2019","22:16:54","0:01:42"
"WhatsApp","25/11/2019","22:16:19","0:00:33"
"Screen on (unlocked)","25/11/2019","22:16:17","0:00:00"
"Screen on (locked)","25/11/2019","22:16:16","0:00:01"
"Screen off","25/11/2019","22:14:36","0:01:40"
"WhatsApp","25/11/2019","22:12:13","0:01:30"
"Instagram","25/11/2019","22:11:35","0:00:37"
"Samsung capture","25/11/2019","22:11:34","0:00:01"
"Instagram","25/11/2019","22:11:31","0:00:03"
"WhatsApp","25/11/2019","22:11:10","0:00:20"
"Instagram","25/11/2019","22:10:54","0:00:16"
"WhatsApp","25/11/2019","22:08:27","0:02:26"
"Screen on (unlocked)","25/11/2019","22:08:26","0:00:01"
"Screen off","25/11/2019","22:08:25","0:00:01"
"WhatsApp","25/11/2019","22:06:19","0:02:07"
"Instagram","25/11/2019","22:06:16","0:00:02"
"WhatsApp","25/11/2019","22:06:16","0:00:01"
"Screen on (unlocked)","25/11/2019","22:06:15","0:00:01"
"Screen off","25/11/2019","22:06:14","0:00:01"
"WhatsApp","25/11/2019","22:03:38","0:02:35"
"Instagram","25/11/2019","22:02:44","0:00:54"
"WhatsApp","25/11/2019","22:02:15","0:00:30"
"Instagram","25/11/2019","21:59:23","0:02:51"
"WhatsApp","25/11/2019","21:59:03","0:00:21"
"Instagram","25/11/2019","21:58:44","0:00:18"
"WhatsApp","25/11/2019","21:58:23","0:00:20"
"WhatsApp","25/11/2019","21:57:47","0:00:07"
"Screen on (unlocked)","25/11/2019","21:57:42","0:00:01"
"Screen off","25/11/2019","21:57:28","0:00:14"
"Instagram","25/11/2019","21:56:22","0:00:35"
"WhatsApp","25/11/2019","21:55:46","0:00:30"
"Screen on (unlocked)","25/11/2019","21:55:42","0:00:01"
"Screen off","25/11/2019","21:48:05","0:07:38"
"Screen on (unlocked)","25/11/2019","21:47:23","0:00:41"
"Screen on (locked)","25/11/2019","21:47:22","0:00:01"
"Screen off","25/11/2019","21:47:11","0:00:11"
"Instagram","25/11/2019","21:44:37","0:01:48"
"Screen on (unlocked)","25/11/2019","21:44:37","0:00:00"
"Screen on (locked)","25/11/2019","21:44:36","0:00:01"
"Screen off","25/11/2019","21:43:33","0:01:03"
"Instagram","25/11/2019","21:42:32","0:01:00"
"WhatsApp","25/11/2019","21:41:34","0:00:58"
"Instagram","25/11/2019","21:41:33","0:00:01"
"Screen on (unlocked)","25/11/2019","21:41:32","0:00:01"
"Screen off","25/11/2019","21:41:32","0:00:00"
"Screen off (locked)","25/11/2019","21:33:43","0:07:49"
"Instagram","25/11/2019","21:33:07","0:00:36"
"Screen on (unlocked)","25/11/2019","21:31:05","0:00:00"
"Screen on (locked)","25/11/2019","21:31:04","0:00:01"
"Screen off (locked)","25/11/2019","21:30:41","0:00:23"
"Settings","25/11/2019","21:30:37","0:00:01"
"Digital wellbeing","25/11/2019","21:29:13","0:01:24"
"Settings","25/11/2019","21:29:11","0:00:03"
"Device maintenance","25/11/2019","21:29:06","0:00:04"
"Settings","25/11/2019","21:29:05","0:00:01"
"Screen on (unlocked)","25/11/2019","21:29:03","0:00:00"
"Screen on (locked)","25/11/2019","21:29:02","0:00:00"
"Screen off (locked)","25/11/2019","21:28:52","0:00:11"
"Goodreads","25/11/2019","21:28:29","0:00:20"
"Screen on (unlocked)","25/11/2019","21:28:23","0:00:00"
"Screen on (locked)","25/11/2019","21:28:20","0:00:03"
"Screen off (locked)","25/11/2019","21:27:23","0:00:57"
"Settings","25/11/2019","21:27:19","0:00:01"
"Digital wellbeing","25/11/2019","21:27:02","0:00:18"
"Settings","25/11/2019","21:26:59","0:00:03"
"Instagram","25/11/2019","21:25:27","0:01:19"
"Screen on (unlocked)","25/11/2019","21:25:24","0:00:01"
"Screen off","25/11/2019","21:25:24","0:00:00"
"Screen off (locked)","25/11/2019","21:24:09","0:01:14"
"Instagram","25/11/2019","21:23:52","0:00:15"
"Package installer","25/11/2019","21:23:51","0:00:01"
"Instagram","25/11/2019","21:21:44","0:02:07"
"Screen on (unlocked)","25/11/2019","21:21:40","0:00:00"
"Screen on (locked)","25/11/2019","21:21:39","0:00:01"
"Screen off (locked)","25/11/2019","21:06:33","0:15:06"
"Instagram","25/11/2019","21:06:13","0:00:18"
"Screen on (unlocked)","25/11/2019","21:06:13","0:00:00"
"Phone","25/11/2019","21:06:06","0:00:07"
"Screen on (locked)","25/11/2019","21:06:05","0:00:01"
"Screen off (locked)","25/11/2019","21:05:45","0:00:20"
"Phone","25/11/2019","21:05:12","0:00:33"
"Screen on (locked)","25/11/2019","21:05:11","0:00:01"
"Screen off","25/11/2019","20:35:38","0:29:34"
"Phone","25/11/2019","20:34:50","0:00:05"
"Screen on (unlocked)","25/11/2019","20:34:50","0:00:00"
"Screen on (locked)","25/11/2019","20:34:47","0:00:03"
"Screen off (locked)","25/11/2019","20:31:52","0:02:55"
"Screen on (locked)","25/11/2019","20:31:41","0:00:11"
"Screen off (locked)","25/11/2019","20:31:23","0:00:19"
"Phone","25/11/2019","20:31:07","0:00:16"
"Screen on (locked)","25/11/2019","20:31:06","0:00:01"
"Screen off (locked)","25/11/2019","20:30:25","0:00:41"
"Phone","25/11/2019","20:30:21","0:00:04"
"Phone","25/11/2019","20:30:16","0:00:05"
"Screen on (unlocked)","25/11/2019","20:29:10","0:00:00"
"Screen on (locked)","25/11/2019","20:29:09","0:00:02"
"Screen off (locked)","25/11/2019","20:21:13","0:07:56"
"Screen on (locked)","25/11/2019","20:21:02","0:00:11"
"Screen off (locked)","25/11/2019","20:20:20","0:00:42"
"Call of Duty","25/11/2019","20:19:11","0:00:54"
"Instagram","25/11/2019","20:18:40","0:00:27"
"Screen on (unlocked)","25/11/2019","20:18:37","0:00:00"
"Screen on (locked)","25/11/2019","20:18:37","0:00:01"
"Screen off","25/11/2019","20:09:53","0:08:44"
"WhatsApp","25/11/2019","20:08:55","0:00:27"
"WhatsApp","25/11/2019","19:46:44","0:22:11"
"Phone","25/11/2019","19:46:39","0:00:03"
"Phone","25/11/2019","19:46:29","0:00:11"
"Phone","25/11/2019","19:46:26","0:00:03"
"WhatsApp","25/11/2019","19:46:15","0:00:03"
"Camera","25/11/2019","19:44:27","0:01:47"
"Screen on (unlocked)","25/11/2019","19:44:26","0:00:01"
"Screen off","25/11/2019","19:44:26","0:00:00"
"Screen off (locked)","25/11/2019","19:43:03","0:01:23"
"Screen on (unlocked)","25/11/2019","19:42:59","0:00:01"
"Screen on (locked)","25/11/2019","19:42:58","0:00:01"
"Screen off (locked)","25/11/2019","19:36:54","0:06:03"
"Phone","25/11/2019","19:36:38","0:00:17"
"Screen on (locked)","25/11/2019","19:36:37","0:00:01"
"Screen off (locked)","25/11/2019","19:35:19","0:01:18"
"Screen on (unlocked)","25/11/2019","19:35:05","0:00:00"
"Screen on (locked)","25/11/2019","19:35:05","0:00:01"
"Screen off (locked)","25/11/2019","19:34:37","0:00:28"
"Screen on (unlocked)","25/11/2019","19:34:31","0:00:07"
"Screen on (locked)","25/11/2019","19:34:27","0:00:04"
"Screen off (locked)","25/11/2019","19:34:22","0:00:04"
"Screen on (unlocked)","25/11/2019","19:34:19","0:00:00"
"Screen on (locked)","25/11/2019","19:34:11","0:00:08"
"Screen off (locked)","25/11/2019","19:34:11","0:00:01"
"Screen on (locked)","25/11/2019","19:34:00","0:00:11"
"Screen off (locked)","25/11/2019","19:28:57","0:05:02"
"Phone","25/11/2019","19:28:23","0:00:31"
"Phone","25/11/2019","19:28:11","0:00:12"
"Screen on (unlocked)","25/11/2019","19:28:03","0:00:00"
"Screen on (locked)","25/11/2019","19:28:03","0:00:00"
"Screen off (locked)","25/11/2019","19:23:53","0:04:09"
"Screen on (unlocked)","25/11/2019","19:23:35","0:00:18"
"Screen on (locked)","25/11/2019","19:23:34","0:00:01"
"Screen off (locked)","25/11/2019","19:13:13","0:10:21"
"Phone","25/11/2019","19:12:11","0:01:02"
"Screen on (locked)","25/11/2019","19:12:10","0:00:01"
"Screen off (locked)","25/11/2019","19:10:06","0:02:05"
"Screen on (locked)","25/11/2019","19:09:54","0:00:12"
"Screen off (locked)","25/11/2019","19:04:42","0:05:12"
"WhatsApp","25/11/2019","19:04:13","0:00:27"
"Screen on (unlocked)","25/11/2019","19:04:07","0:00:00"
"Screen on (locked)","25/11/2019","19:04:06","0:00:00"
"Screen off (locked)","25/11/2019","18:50:19","0:13:47"
"Phone","25/11/2019","18:50:15","0:00:01"
"Screen on (unlocked)","25/11/2019","18:50:14","0:00:00"
"Screen on (locked)","25/11/2019","18:50:03","0:00:11"
"Screen off (locked)","25/11/2019","18:48:55","0:01:08"
"Screen on (unlocked)","25/11/2019","18:48:10","0:00:01"
"Screen off","25/11/2019","18:48:09","0:00:01"
"Screen on (unlocked)","25/11/2019","18:47:37","0:00:00"
"Screen on (locked)","25/11/2019","18:47:37","0:00:00"
"Screen off (locked)","25/11/2019","18:43:41","0:03:56"
"Phone","25/11/2019","18:43:14","0:00:11"
"Phone","25/11/2019","18:42:47","0:00:26"
"Phone","25/11/2019","18:42:45","0:00:02"
"Screen on (unlocked)","25/11/2019","18:42:44","0:00:01"
"Screen on (locked)","25/11/2019","18:42:43","0:00:01"
"Screen off (locked)","25/11/2019","18:25:59","0:16:44"
"Phone","25/11/2019","18:25:19","0:00:40"
"Screen on (locked)","25/11/2019","18:25:19","0:00:01"
"Screen off (locked)","25/11/2019","18:21:16","0:04:03"
"Screen on (locked)","25/11/2019","18:21:14","0:00:02"
"Screen off","25/11/2019","18:11:16","0:09:58"
"Screen on (unlocked)","25/11/2019","18:10:42","0:00:33"
"Screen on (locked)","25/11/2019","18:10:41","0:00:01"
"Screen off (locked)","25/11/2019","18:10:19","0:00:22"
"Screen on (locked)","25/11/2019","18:10:14","0:00:06"
"Screen off (locked)","25/11/2019","18:05:46","0:04:27"
"Screen on (locked)","25/11/2019","18:05:43","0:00:03"
"Screen off (locked)","25/11/2019","18:05:28","0:00:16"
"Screen on (unlocked)","25/11/2019","18:05:24","0:00:00"
"Screen on (locked)","25/11/2019","18:05:23","0:00:01"
"Screen off (locked)","25/11/2019","18:02:21","0:03:01"
"Phone","25/11/2019","18:01:54","0:00:26"
"Phone","25/11/2019","18:01:44","0:00:10"
"Instagram","25/11/2019","17:59:05","0:02:39"
"Om Tamil Calendar","25/11/2019","17:57:33","0:01:27"
"Screen on (unlocked)","25/11/2019","17:57:28","0:00:00"
"Screen on (locked)","25/11/2019","17:57:28","0:00:00"
"Screen off (locked)","25/11/2019","17:56:11","0:01:17"
"WhatsApp","25/11/2019","17:55:46","0:00:23"
"WhatsApp","25/11/2019","17:51:44","0:03:49"
"Screen on (unlocked)","25/11/2019","17:51:41","0:00:03"
"Screen on (locked)","25/11/2019","17:51:39","0:00:02"
"Screen off (locked)","25/11/2019","17:49:09","0:02:30"
"Instagram","25/11/2019","17:42:34","0:06:32"
"WhatsApp","25/11/2019","17:40:24","0:02:10"
"Instagram","25/11/2019","17:38:15","0:02:09"
"Call of Duty","25/11/2019","17:37:32","0:00:35"
"Screen on (unlocked)","25/11/2019","17:37:23","0:00:08"
"Screen on (locked)","25/11/2019","17:37:19","0:00:04"
"Screen off (locked)","25/11/2019","17:35:57","0:01:21"
"Instagram","25/11/2019","17:35:22","0:00:35"
"Screen on (unlocked)","25/11/2019","17:35:14","0:00:00"
"Screen on (locked)","25/11/2019","17:35:14","0:00:00"
"Screen off (locked)","25/11/2019","17:26:28","0:08:46"
"Sudoku","25/11/2019","17:21:49","0:04:38"
"YouTube","25/11/2019","17:21:34","0:00:13"
"WhatsApp","25/11/2019","17:21:12","0:00:23"
"YouTube","25/11/2019","17:18:49","0:02:23"
"WhatsApp","25/11/2019","17:17:24","0:01:24"
"Drive","25/11/2019","17:16:37","0:00:47"
"Telegram","25/11/2019","17:15:10","0:01:24"
"Om Tamil Calendar","25/11/2019","17:13:02","0:02:02"
"WhatsApp","25/11/2019","17:12:36","0:00:21"
"Amazon Shopping","25/11/2019","17:12:15","0:00:20"
"WhatsApp","25/11/2019","17:11:49","0:00:25"
"Amazon Shopping","25/11/2019","17:11:24","0:00:25"
"WhatsApp","25/11/2019","17:11:05","0:00:15"
"Telegram","25/11/2019","17:10:59","0:00:06"
"WhatsApp","25/11/2019","17:07:15","0:03:29"
"Instagram","25/11/2019","17:02:36","0:04:39"
"WhatsApp","25/11/2019","17:00:57","0:01:36"
"WhatsApp","25/11/2019","17:00:44","0:00:08"
"Screen on (unlocked)","25/11/2019","17:00:41","0:00:00"
"Screen on (locked)","25/11/2019","17:00:40","0:00:00"
"Screen off","25/11/2019","16:53:03","0:07:37"
"Instagram","25/11/2019","16:48:30","0:04:01"
"Screen on (unlocked)","25/11/2019","16:48:26","0:00:01"
"Screen on (locked)","25/11/2019","16:48:24","0:00:01"
"Screen off (locked)","25/11/2019","16:47:56","0:00:29"
"Screen on (locked)","25/11/2019","16:47:45","0:00:11"
"Screen off","25/11/2019","16:42:21","0:05:24"
"Instagram","25/11/2019","16:38:30","0:03:21"
"Screen on (unlocked)","25/11/2019","16:38:24","0:00:00"
"Screen on (locked)","25/11/2019","16:38:22","0:00:02"
"Screen off (locked)","25/11/2019","16:33:41","0:04:41"
"Google Play Store","25/11/2019","16:30:13","0:03:27"
"Instagram","25/11/2019","16:22:27","0:07:43"
"WhatsApp","25/11/2019","16:22:04","0:00:23"
"Instagram","25/11/2019","16:20:37","0:01:27"
"Screen on (unlocked)","25/11/2019","16:20:07","0:00:29"
"Screen on (locked)","25/11/2019","16:19:58","0:00:09"
"Screen off (locked)","25/11/2019","15:43:49","0:36:08"
"Opera","25/11/2019","15:23:40","0:20:01"
"Om Tamil Calendar","25/11/2019","15:23:37","0:00:01"
"Instagram","25/11/2019","15:16:56","0:06:40"
"Screen on (unlocked)","25/11/2019","15:16:36","0:00:00"
"Screen on (locked)","25/11/2019","15:16:33","0:00:03"
"Screen off (locked)","25/11/2019","15:16:30","0:00:04"
"Screen on (locked)","25/11/2019","15:16:16","0:00:14"
"Screen off (locked)","25/11/2019","15:15:14","0:01:02"
"Screen on (locked)","25/11/2019","15:15:03","0:00:11"
"Screen off (locked)","25/11/2019","15:10:31","0:04:32"
"Call of Duty","25/11/2019","15:09:51","0:00:37"
"Instagram","25/11/2019","15:08:53","0:00:49"
"Screen on (unlocked)","25/11/2019","15:08:52","0:00:01"
"Screen off","25/11/2019","15:08:47","0:00:05"
"Instagram","25/11/2019","15:04:59","0:03:48"
"Screen on (unlocked)","25/11/2019","15:04:47","0:00:00"
"Screen on (locked)","25/11/2019","15:04:47","0:00:00"
"Screen off (locked)","25/11/2019","14:37:56","0:26:51"
"Screen on (locked)","25/11/2019","14:37:53","0:00:03"
"Screen off (locked)","25/11/2019","14:34:29","0:03:24"
"Screen on (locked)","25/11/2019","14:34:26","0:00:03"
"Screen off (locked)","25/11/2019","14:33:39","0:00:47"
"Screen on (locked)","25/11/2019","14:33:28","0:00:11"
"Screen off (locked)","25/11/2019","14:30:53","0:02:36"
"Screen on (locked)","25/11/2019","14:30:51","0:00:02"
"Screen off (locked)","25/11/2019","14:23:24","0:07:27"
"Instagram","25/11/2019","14:22:56","0:00:26"
"Phone","25/11/2019","14:22:29","0:00:02"
"Screen on (unlocked)","25/11/2019","14:22:29","0:00:00"
"Screen on (locked)","25/11/2019","14:22:27","0:00:02"
"Screen off (locked)","25/11/2019","14:12:25","0:10:02"
"Phone","25/11/2019","14:12:23","0:00:02"
"Phone","25/11/2019","14:11:30","0:00:53"
"Phone","25/11/2019","14:11:23","0:00:06"
"Screen on (unlocked)","25/11/2019","14:11:21","0:00:00"
"Screen on (locked)","25/11/2019","14:11:21","0:00:00"
"Screen off (locked)","25/11/2019","14:11:17","0:00:04"
"Screen on (locked)","25/11/2019","14:11:08","0:00:09"
"Screen off (locked)","25/11/2019","14:04:34","0:06:34"
"Screen on (locked)","25/11/2019","14:04:31","0:00:03"
"Screen off (locked)","25/11/2019","13:56:28","0:08:03"
"Screen on (locked)","25/11/2019","13:56:26","0:00:02"
"Screen off (locked)","25/11/2019","13:50:16","0:06:10"
"Instagram","25/11/2019","13:50:00","0:00:02"
"Duolingo","25/11/2019","13:49:01","0:00:59"
"Instagram","25/11/2019","13:43:38","0:05:24"
"Screen on (unlocked)","25/11/2019","13:43:38","0:00:00"
"Screen on (locked)","25/11/2019","13:43:37","0:00:01"
"Screen off (locked)","25/11/2019","13:43:02","0:00:34"
"Screen on (locked)","25/11/2019","13:42:52","0:00:10"
"Screen off (locked)","25/11/2019","13:42:40","0:00:12"
"Instagram","25/11/2019","13:40:18","0:02:21"
"Screen on (unlocked)","25/11/2019","13:40:13","0:00:01"
"Screen off","25/11/2019","13:35:03","0:05:10"
"Instagram","25/11/2019","13:32:54","0:01:16"
"Screen on (unlocked)","25/11/2019","13:32:52","0:00:00"
"Screen on (locked)","25/11/2019","13:32:51","0:00:01"
"Screen off (locked)","25/11/2019","13:29:29","0:03:22"
"Screen on (locked)","25/11/2019","13:29:18","0:00:11"
"Screen off","25/11/2019","13:20:39","0:08:39"
"Call of Duty","25/11/2019","13:19:47","0:00:11"
"Screen on (unlocked)","25/11/2019","13:19:44","0:00:00"
"Screen on (locked)","25/11/2019","13:19:43","0:00:01"
"Screen off (locked)","25/11/2019","13:17:12","0:02:31"
"Screen on (locked)","25/11/2019","13:17:01","0:00:11"
"Screen off (locked)","25/11/2019","12:50:57","0:26:04"
"Screen on (locked)","25/11/2019","12:50:54","0:00:03"
"Screen off","25/11/2019","12:44:07","0:06:47"
"Screen on (unlocked)","25/11/2019","12:43:34","0:00:00"
"Screen on (locked)","25/11/2019","12:43:32","0:00:02"
"Screen off (locked)","25/11/2019","12:43:02","0:00:30"
"Screen on (locked)","25/11/2019","12:42:51","0:00:11"
"Screen off (locked)","25/11/2019","12:37:02","0:05:49"
"Instagram","25/11/2019","12:36:23","0:00:38"
"Screen on (unlocked)","25/11/2019","12:36:21","0:00:00"
"Screen on (locked)","25/11/2019","12:36:20","0:00:01"
"Screen off","25/11/2019","12:26:44","0:09:36"
"Instagram","25/11/2019","12:25:39","0:00:34"
"Screen on (unlocked)","25/11/2019","12:25:09","0:00:01"
"Screen off","25/11/2019","12:24:56","0:00:13"
"Screen on (unlocked)","25/11/2019","12:24:09","0:00:01"
"Screen off","25/11/2019","12:24:05","0:00:04"
"Call of Duty","25/11/2019","12:22:50","0:00:46"
"Screen on (unlocked)","25/11/2019","12:22:40","0:00:01"
"Screen off (locked)","25/11/2019","12:06:28","0:16:12"
"Screen on (locked)","25/11/2019","12:06:25","0:00:03"
"Screen off (locked)","25/11/2019","12:04:38","0:01:47"
"Screen on (locked)","25/11/2019","12:04:27","0:00:11"
"Screen off (locked)","25/11/2019","12:03:29","0:00:58"
"Screen on (locked)","25/11/2019","12:03:26","0:00:03"
"Screen off (locked)","25/11/2019","12:02:40","0:00:46"
"Screen on (locked)","25/11/2019","12:02:36","0:00:04"
"Screen off","25/11/2019","11:56:53","0:05:43"
"Instagram","25/11/2019","11:54:59","0:01:22"
"Screen on (unlocked)","25/11/2019","11:54:59","0:00:01"
"Screen off","25/11/2019","11:54:31","0:00:27"
"Instagram","25/11/2019","11:49:23","0:05:08"
"Screen on (unlocked)","25/11/2019","11:48:59","0:00:00"
"Screen on (locked)","25/11/2019","11:48:56","0:00:04"
"Screen off","25/11/2019","11:38:14","0:10:41"
"Instagram","25/11/2019","11:36:19","0:01:25"
"Screen on (unlocked)","25/11/2019","11:35:34","0:00:45"
"Screen on (locked)","25/11/2019","11:35:33","0:00:01"
"Screen off (locked)","25/11/2019","11:32:45","0:02:48"
"Instagram","25/11/2019","11:31:48","0:00:55"
"Screen on (unlocked)","25/11/2019","11:31:29","0:00:00"
"Screen on (locked)","25/11/2019","11:31:27","0:00:02"
"Screen off (locked)","25/11/2019","11:22:35","0:08:52"
"Screen on (locked)","25/11/2019","11:22:24","0:00:11"
"Screen off (locked)","25/11/2019","11:21:49","0:00:35"
"Hotstar","25/11/2019","11:21:14","0:00:34"
"Screen on (unlocked)","25/11/2019","11:21:10","0:00:00"
"Screen on (locked)","25/11/2019","11:21:09","0:00:01"
"Screen off (locked)","25/11/2019","11:18:08","0:03:01"
"Screen on (locked)","25/11/2019","11:18:06","0:00:02"
"Screen off (locked)","25/11/2019","11:17:17","0:00:49"
"Phone","25/11/2019","11:17:12","0:00:01"
"Phone","25/11/2019","11:14:47","0:02:26"
"Phone","25/11/2019","11:14:41","0:00:06"
"Phone","25/11/2019","11:14:06","0:00:15"
"Screen on (unlocked)","25/11/2019","11:14:04","0:00:01"
"Screen off (locked)","25/11/2019","11:02:50","0:11:13"
"Instagram","25/11/2019","11:02:30","0:00:02"
"Instagram","25/11/2019","11:01:22","0:00:20"
"Screen on (unlocked)","25/11/2019","11:00:53","0:00:00"
"Screen on (locked)","25/11/2019","11:00:53","0:00:00"
"Screen off (locked)","25/11/2019","11:00:52","0:00:02"
"Screen on (locked)","25/11/2019","11:00:41","0:00:11"
"Screen off (locked)","25/11/2019","10:39:02","0:21:39"
"Instagram","25/11/2019","10:36:13","0:02:34"
"Screen on (unlocked)","25/11/2019","10:35:58","0:00:00"
"Screen on (locked)","25/11/2019","10:35:56","0:00:02"
"Screen off (locked)","25/11/2019","10:34:06","0:01:51"
"Instagram","25/11/2019","10:32:22","0:01:25"
"Screen on (unlocked)","25/11/2019","10:32:17","0:00:00"
"Screen on (locked)","25/11/2019","10:32:16","0:00:01"
"Screen off (locked)","25/11/2019","10:21:33","0:10:43"
"Screen on (locked)","25/11/2019","10:21:22","0:00:11"
"Screen off (locked)","25/11/2019","10:16:17","0:05:05"
"Screen on (locked)","25/11/2019","10:16:06","0:00:11"
"Screen off (locked)","25/11/2019","10:14:17","0:01:48"
"Instagram","25/11/2019","10:11:17","0:02:59"
"Call of Duty","25/11/2019","10:09:56","0:01:12"
"Screen on (unlocked)","25/11/2019","10:09:49","0:00:00"
"Screen on (locked)","25/11/2019","10:09:47","0:00:02"
"Screen off (locked)","25/11/2019","09:47:29","0:22:18"
"Screen on (locked)","25/11/2019","09:47:18","0:00:11"
"Screen off (locked)","25/11/2019","09:43:31","0:03:47"
"Duolingo","25/11/2019","09:41:21","0:02:08"
"Om Tamil Calendar","25/11/2019","09:40:27","0:00:49"
"Duolingo","25/11/2019","09:31:52","0:08:31"
"Screen on (unlocked)","25/11/2019","09:31:44","0:00:07"
"Screen on (locked)","25/11/2019","09:31:39","0:00:05"
"Screen off (locked)","25/11/2019","09:13:35","0:18:04"
"Screen on (locked)","25/11/2019","09:13:25","0:00:10"
"Screen off (locked)","25/11/2019","09:13:18","0:00:07"
"Screen on (locked)","25/11/2019","09:13:16","0:00:02"
"Screen off (locked)","25/11/2019","09:10:26","0:02:50"
"Instagram","25/11/2019","09:06:49","0:03:33"
"Screen on (unlocked)","25/11/2019","09:06:42","0:00:07"
"Screen on (locked)","25/11/2019","09:06:41","0:00:01"
"Screen off (locked)","25/11/2019","08:23:28","0:43:13"
"Instagram","25/11/2019","08:23:16","0:00:10"
"Screen on (unlocked)","25/11/2019","08:23:09","0:00:00"
"Screen on (locked)","25/11/2019","08:23:04","0:00:05"
"Screen off (locked)","25/11/2019","08:11:52","0:11:12"
"Screen on (unlocked)","25/11/2019","08:11:47","0:00:05"
"Screen on (locked)","25/11/2019","08:11:46","0:00:01"
"Screen off (locked)","25/11/2019","08:10:05","0:01:41"
"Opera","25/11/2019","08:09:01","0:01:01"
"Instagram","25/11/2019","08:03:23","0:05:24"
"Goodreads","25/11/2019","08:02:04","0:01:17"
"Instagram","25/11/2019","08:01:56","0:00:06"
"Instagram","25/11/2019","07:56:17","0:05:29"
"Hotstar","25/11/2019","07:55:04","0:01:09"
"Instagram","25/11/2019","07:48:34","0:06:25"
"Screen on (unlocked)","25/11/2019","07:48:20","0:00:00"
"Screen on (locked)","25/11/2019","07:48:20","0:00:01"
"Screen off (locked)","25/11/2019","07:37:57","0:10:23"
"Screen on (locked)","25/11/2019","07:37:46","0:00:11"
"Screen off (locked)","25/11/2019","05:16:14","2:21:32"
"Screen on (locked)","25/11/2019","05:16:10","0:00:04"
"Screen off (locked)","25/11/2019","00:02:41","5:13:29"
"App Usage","26/11/2019","20:06:27","0:01:01"
"Instagram","26/11/2019","20:05:43","0:00:23"
"Gmail","26/11/2019","20:05:02","0:00:35"
"Screen on (unlocked)","26/11/2019","20:05:02","0:00:00"
"Screen on (locked)","26/11/2019","20:05:01","0:00:01"
"Screen off (locked)","26/11/2019","20:01:11","0:03:50"
"Gmail","26/11/2019","20:00:43","0:00:28"
"Gallery","26/11/2019","20:00:31","0:00:09"
"Gmail","26/11/2019","19:59:26","0:01:05"
"Gallery","26/11/2019","19:59:24","0:00:01"
"Screen on (unlocked)","26/11/2019","19:58:44","0:00:00"
"Screen on (locked)","26/11/2019","19:58:43","0:00:01"
"Screen off (locked)","26/11/2019","19:32:25","0:26:18"
"WhatsApp","26/11/2019","19:31:21","0:01:01"
"Screen on (unlocked)","26/11/2019","19:31:14","0:00:01"
"Screen off","26/11/2019","19:17:24","0:13:51"
"Call of Duty","26/11/2019","19:12:59","0:03:54"
"Google Play services","26/11/2019","19:12:41","0:00:18"
"Call of Duty","26/11/2019","19:11:42","0:01:00"
"Package installer","26/11/2019","19:11:37","0:00:05"
"Call of Duty","26/11/2019","19:11:24","0:00:13"
"Screen on (unlocked)","26/11/2019","19:11:15","0:00:01"
"Screen off","26/11/2019","19:11:14","0:00:01"
"My Files","26/11/2019","19:10:34","0:00:08"
"WPS Office","26/11/2019","19:09:54","0:00:40"
"My Files","26/11/2019","19:09:03","0:00:44"
"App Usage","26/11/2019","19:05:38","0:03:20"
"Package installer","26/11/2019","19:05:34","0:00:04"
"App Usage","26/11/2019","19:05:00","0:00:34"
"Google Play services","26/11/2019","19:04:42","0:00:18"
"App Usage","26/11/2019","19:04:36","0:00:06"
"Google Play services","26/11/2019","19:04:34","0:00:02"
"App Usage","26/11/2019","19:04:33","0:00:01"
"Google Play services","26/11/2019","19:04:31","0:00:01"
"App Usage","26/11/2019","19:04:29","0:00:02"
"Google Play services","26/11/2019","19:04:26","0:00:04"
"App Usage","26/11/2019","19:04:24","0:00:01"
"Google Play services","26/11/2019","19:04:04","0:00:21"
"App Usage","26/11/2019","19:04:03","0:00:01"
"Google Play services","26/11/2019","19:03:59","0:00:04"
"App Usage","26/11/2019","19:02:50","0:01:08"
"App Usage","26/11/2019","19:01:10","0:01:38"
"Goodreads","26/11/2019","19:00:27","0:00:14"
"Google Play Store","26/11/2019","18:59:34","0:00:07"
"Screen on (unlocked)","26/11/2019","18:59:34","0:00:00"
"Screen on (locked)","26/11/2019","18:59:32","0:00:02"
"Screen off","26/11/2019","18:46:16","0:13:16"
"Google Play Store","26/11/2019","18:45:44","0:00:32"
"Screen on (unlocked)","26/11/2019","18:45:44","0:00:01"
"Screen off","26/11/2019","18:32:02","0:13:41"
"Google Play Store","26/11/2019","18:31:32","0:00:30"
"Screen on (unlocked)","26/11/2019","18:31:21","0:00:01"
"Screen off","26/11/2019","18:30:10","0:01:11"
"LG TV Plus","26/11/2019","18:29:19","0:00:18"
"Google Play Store","26/11/2019","18:29:15","0:00:02"
"Screen on (unlocked)","26/11/2019","18:29:15","0:00:01"
"Screen off","26/11/2019","18:21:46","0:07:29"
"Google Play Store","26/11/2019","18:21:11","0:00:34"
"Screen on (unlocked)","26/11/2019","18:21:01","0:00:00"
"Screen on (locked)","26/11/2019","18:21:01","0:00:01"
"Screen off","26/11/2019","18:18:30","0:02:31"
"Instagram","26/11/2019","18:17:32","0:00:06"
"Instagram","26/11/2019","18:16:01","0:01:29"
"Google Play Store","26/11/2019","18:15:40","0:00:17"
"Screen on (unlocked)","26/11/2019","18:15:36","0:00:00"
"Screen on (locked)","26/11/2019","18:15:35","0:00:01"
"Screen off","26/11/2019","18:14:54","0:00:41"
"Khan Academy","26/11/2019","18:14:08","0:00:15"
"Khan Academy","26/11/2019","18:14:02","0:00:04"
"Khan Academy","26/11/2019","18:13:54","0:00:04"
"Khan Academy","26/11/2019","18:13:42","0:00:10"
"Khan Academy","26/11/2019","18:13:16","0:00:18"
"Gallery","26/11/2019","18:13:13","0:00:02"
"Gallery","26/11/2019","18:13:09","0:00:01"
"Khan Academy","26/11/2019","18:12:24","0:00:42"
"Gallery","26/11/2019","18:12:07","0:00:16"
"Khan Academy","26/11/2019","18:11:43","0:00:22"
"Google Play Store","26/11/2019","18:09:58","0:01:42"
"Google Play Store","26/11/2019","18:07:04","0:02:49"
"Call of Duty","26/11/2019","18:06:08","0:00:53"
"Screen on (unlocked)","26/11/2019","18:05:48","0:00:00"
"Screen on (locked)","26/11/2019","18:05:47","0:00:01"
"Screen off (locked)","26/11/2019","18:03:14","0:02:33"
"Screen on (locked)","26/11/2019","18:03:10","0:00:04"
"Screen off (locked)","26/11/2019","18:02:47","0:00:24"
"Instagram","26/11/2019","17:54:55","0:07:49"
"Screen on (unlocked)","26/11/2019","17:54:52","0:00:00"
"Screen on (locked)","26/11/2019","17:54:51","0:00:01"
"Screen off (locked)","26/11/2019","17:53:43","0:01:08"
"Gallery","26/11/2019","17:53:12","0:00:29"
"Camera","26/11/2019","17:53:10","0:00:01"
"Camera","26/11/2019","17:52:56","0:00:06"
"Camera","26/11/2019","17:51:57","0:00:53"
"Screen on (unlocked)","26/11/2019","17:51:55","0:00:01"
"Screen off (locked)","26/11/2019","17:50:46","0:01:09"
"Screen on (unlocked)","26/11/2019","17:48:53","0:00:00"
"Screen on (locked)","26/11/2019","17:48:53","0:00:00"
"Screen off (locked)","26/11/2019","17:40:11","0:08:42"
"Camera","26/11/2019","17:39:47","0:00:10"
"Gallery","26/11/2019","17:39:44","0:00:03"
"Camera","26/11/2019","17:39:31","0:00:13"
"Gallery","26/11/2019","17:39:24","0:00:07"
"Camera","26/11/2019","17:39:09","0:00:16"
"Screen on (unlocked)","26/11/2019","17:39:07","0:00:01"
"Screen on (locked)","26/11/2019","17:39:06","0:00:01"
"Screen off (locked)","26/11/2019","17:36:51","0:02:15"
"Instagram","26/11/2019","17:33:22","0:03:27"
"Screen on (unlocked)","26/11/2019","17:33:17","0:00:01"
"Screen off","26/11/2019","17:33:16","0:00:01"
"Screen on (unlocked)","26/11/2019","17:32:39","0:00:37"
"Screen on (locked)","26/11/2019","17:32:35","0:00:04"
"Screen off","26/11/2019","16:02:35","1:30:00"
"Instagram","26/11/2019","16:00:34","0:01:30"
"Screen on (unlocked)","26/11/2019","16:00:21","0:00:13"
"Screen on (locked)","26/11/2019","16:00:18","0:00:03"
"Screen off","26/11/2019","15:23:05","0:37:13"
"Screen on (unlocked)","26/11/2019","15:22:31","0:00:00"
"Screen on (locked)","26/11/2019","15:22:28","0:00:03"
"Screen off (locked)","26/11/2019","15:17:52","0:04:36"
"Goodreads","26/11/2019","15:17:26","0:00:08"
"Instagram","26/11/2019","15:13:50","0:03:34"
"Screen on (unlocked)","26/11/2019","15:13:47","0:00:00"
"Screen on (locked)","26/11/2019","15:13:46","0:00:00"
"Screen off (locked)","26/11/2019","15:00:11","0:13:35"
"Instagram","26/11/2019","14:57:47","0:02:22"
"Screen on (unlocked)","26/11/2019","14:57:36","0:00:12"
"Screen on (locked)","26/11/2019","14:57:32","0:00:04"
"Screen off","26/11/2019","14:54:21","0:03:11"
"Instagram","26/11/2019","14:45:44","0:08:06"
"Screen on (unlocked)","26/11/2019","14:44:32","0:01:12"
"Screen on (locked)","26/11/2019","14:44:28","0:00:04"
"Screen off (locked)","26/11/2019","13:53:35","0:50:53"
"Screen on (locked)","26/11/2019","13:53:24","0:00:11"
"Screen off (locked)","26/11/2019","13:50:11","0:03:13"
"Screen on (locked)","26/11/2019","13:50:07","0:00:04"
"Screen off (locked)","26/11/2019","13:37:30","0:12:37"
"Screen on (locked)","26/11/2019","13:37:16","0:00:13"
"Screen off (locked)","26/11/2019","13:34:19","0:02:58"
"Screen on (locked)","26/11/2019","13:34:08","0:00:11"
"Screen off (locked)","26/11/2019","13:27:36","0:06:32"
"Screen on (locked)","26/11/2019","13:27:25","0:00:11"
"Screen off","26/11/2019","13:13:10","0:14:15"
"Instagram","26/11/2019","13:11:32","0:01:03"
"Screen on (unlocked)","26/11/2019","13:11:24","0:00:08"
"Screen on (locked)","26/11/2019","13:11:22","0:00:02"
"Screen off (locked)","26/11/2019","12:56:51","0:14:30"
"Phone","26/11/2019","12:56:28","0:00:23"
"Screen on (locked)","26/11/2019","12:56:28","0:00:01"
"Screen off","26/11/2019","12:35:38","0:20:49"
"Screen on (unlocked)","26/11/2019","12:34:54","0:00:44"
"Screen on (locked)","26/11/2019","12:34:53","0:00:01"
"Screen off","26/11/2019","12:12:20","0:22:32"
"Udemy","26/11/2019","12:11:48","0:00:02"
"Screen on (unlocked)","26/11/2019","12:11:33","0:00:00"
"Screen on (locked)","26/11/2019","12:11:28","0:00:05"
"Screen off (locked)","26/11/2019","12:05:14","0:06:14"
"Om Tamil Calendar","26/11/2019","12:02:50","0:02:20"
"Screen on (unlocked)","26/11/2019","12:02:39","0:00:11"
"Screen on (locked)","26/11/2019","12:02:35","0:00:04"
"Screen off (locked)","26/11/2019","11:48:14","0:14:21"
"Screen on (locked)","26/11/2019","11:48:03","0:00:11"
"Screen off (locked)","26/11/2019","11:30:16","0:17:47"
"Screen on (locked)","26/11/2019","11:30:02","0:00:13"
"Screen off","26/11/2019","11:29:11","0:00:51"
"Digital wellbeing","26/11/2019","11:28:29","0:00:08"
"Digital wellbeing","26/11/2019","11:28:23","0:00:01"
"Instagram","26/11/2019","11:27:25","0:00:58"
"Screen on (unlocked)","26/11/2019","11:27:12","0:00:00"
"Screen on (locked)","26/11/2019","11:27:05","0:00:07"
"Screen off","26/11/2019","11:01:22","0:25:42"
"WhatsApp","26/11/2019","11:00:32","0:00:20"
"Screen on (unlocked)","26/11/2019","11:00:17","0:00:01"
"Screen off","26/11/2019","10:54:03","0:06:14"
"Instagram","26/11/2019","10:51:17","0:02:15"
"Screen on (unlocked)","26/11/2019","10:51:14","0:00:00"
"Screen on (locked)","26/11/2019","10:51:12","0:00:01"
"Screen off","26/11/2019","10:47:26","0:03:46"
"YouTube","26/11/2019","10:43:08","0:03:48"
"Screen on (unlocked)","26/11/2019","10:43:08","0:00:00"
"Screen on (locked)","26/11/2019","10:43:05","0:00:03"
"Screen off","26/11/2019","10:42:51","0:00:14"
"YouTube","26/11/2019","10:37:37","0:05:14"
"Google Play Store","26/11/2019","10:36:15","0:01:12"
"Call of Duty","26/11/2019","10:35:35","0:00:33"
"Screen on (unlocked)","26/11/2019","10:35:20","0:00:00"
"Screen on (locked)","26/11/2019","10:35:16","0:00:04"
"Screen off (locked)","26/11/2019","10:34:14","0:01:01"
"Screen on (locked)","26/11/2019","10:34:11","0:00:04"
"Screen off (locked)","26/11/2019","10:31:31","0:02:40"
"Instagram","26/11/2019","10:24:57","0:06:33"
"Screen on (unlocked)","26/11/2019","10:24:52","0:00:05"
"Screen on (locked)","26/11/2019","10:24:48","0:00:04"
"Screen off","26/11/2019","10:23:58","0:00:50"
"YouTube","26/11/2019","10:20:14","0:03:13"
"Screen on (unlocked)","26/11/2019","10:19:39","0:00:00"
"Screen on (locked)","26/11/2019","10:19:39","0:00:00"
"Screen off (locked)","26/11/2019","10:17:05","0:02:35"
"Screen on (locked)","26/11/2019","10:16:54","0:00:11"
"Screen off","26/11/2019","10:16:24","0:00:29"
"Instagram","26/11/2019","10:10:16","0:05:37"
"YouTube","26/11/2019","10:06:28","0:03:46"
"Goodreads","26/11/2019","10:06:09","0:00:15"
"Instagram","26/11/2019","10:04:53","0:01:13"
"Screen on (unlocked)","26/11/2019","10:04:48","0:00:05"
"Screen on (locked)","26/11/2019","10:04:47","0:00:01"
"Screen off (locked)","26/11/2019","10:03:26","0:01:21"
"Google Play Store","26/11/2019","10:01:51","0:01:33"
"Settings","26/11/2019","10:01:42","0:00:06"
"Call of Duty","26/11/2019","10:00:48","0:00:51"
"Screen on (unlocked)","26/11/2019","10:00:35","0:00:00"
"Screen on (locked)","26/11/2019","10:00:33","0:00:03"
"Screen off (locked)","26/11/2019","09:58:01","0:02:32"
"WhatsApp","26/11/2019","09:57:38","0:00:19"
"Screen on (unlocked)","26/11/2019","09:57:36","0:00:00"
"Screen on (locked)","26/11/2019","09:57:36","0:00:01"
"Screen off (locked)","26/11/2019","09:39:31","0:18:05"
"Duolingo","26/11/2019","09:35:26","0:04:03"
"WhatsApp","26/11/2019","09:34:43","0:00:23"
"Screen on (unlocked)","26/11/2019","09:34:35","0:00:08"
"Screen on (locked)","26/11/2019","09:34:33","0:00:02"
"Screen off","26/11/2019","09:24:54","0:09:39"
"Screen on (unlocked)","26/11/2019","09:24:04","0:00:00"
"Screen on (locked)","26/11/2019","09:24:02","0:00:02"
"Screen off","26/11/2019","09:22:10","0:01:52"
"Instagram","26/11/2019","09:20:16","0:01:23"
"Screen on (unlocked)","26/11/2019","09:20:13","0:00:00"
"Screen on (locked)","26/11/2019","09:20:09","0:00:04"
"Screen off","26/11/2019","09:17:11","0:02:58"
"Yahoo Mail","26/11/2019","09:15:56","0:00:38"
"Opera Mini","26/11/2019","09:15:51","0:00:05"
"Yahoo Mail","26/11/2019","09:15:44","0:00:07"
"Screen on (unlocked)","26/11/2019","09:15:37","0:00:00"
"Screen on (locked)","26/11/2019","09:15:37","0:00:00"
"Screen off","26/11/2019","09:14:02","0:01:35"
"Screen on (unlocked)","26/11/2019","09:13:30","0:00:00"
"Screen on (locked)","26/11/2019","09:13:28","0:00:03"
"Screen off","26/11/2019","09:11:28","0:02:00"
"Instagram","26/11/2019","09:10:32","0:00:25"
"WhatsApp","26/11/2019","09:09:31","0:00:59"
"Screen on (unlocked)","26/11/2019","09:08:54","0:00:00"
"Screen on (locked)","26/11/2019","09:08:53","0:00:01"
"Screen off","26/11/2019","08:48:52","0:20:01"
"Instagram","26/11/2019","08:46:09","0:02:13"
"Call of Duty","26/11/2019","08:44:41","0:01:06"
"Instagram","26/11/2019","08:43:23","0:00:25"
"Screen on (unlocked)","26/11/2019","08:43:11","0:00:00"
"Screen on (locked)","26/11/2019","08:43:10","0:00:01"
"Screen off (locked)","26/11/2019","08:41:27","0:01:43"
"Screen on (locked)","26/11/2019","08:41:16","0:00:11"
"Screen off (locked)","26/11/2019","08:19:02","0:22:14"
"Instagram","26/11/2019","08:15:55","0:03:01"
"Screen on (unlocked)","26/11/2019","08:15:47","0:00:00"
"Screen on (locked)","26/11/2019","08:15:45","0:00:03"
"Screen off","26/11/2019","07:49:35","0:26:10"
"Screen on (unlocked)","26/11/2019","07:48:38","0:00:58"
"Screen on (locked)","26/11/2019","07:48:36","0:00:01"
"Screen off (locked)","26/11/2019","02:53:27","4:55:09"
"Screen on (locked)","26/11/2019","02:53:16","0:00:10"
"Screen off (locked)","26/11/2019","00:19:31","2:33:46"
"Screen on (locked)","26/11/2019","00:19:20","0:00:11"
"Screen off (locked)","26/11/2019","00:06:20","0:12:59"
"Opera","26/11/2019","00:00:00","0:06:15"
"none","26/11/2019","00:00:00","0:00:00"